rank,ticker,company_name,sector,exchange,location,index_weight_pct
1,MOGA,MOOG INC CLASS A,Industrials,NYSE,United States,0.38
2,UMBF,UMB FINANCIAL CORP,Financials,NASDAQ,United States,0.35
3,GKOS,GLAUKOS,Health Care,NYSE,United States,0.34
4,VSAT,VIASAT INC,Information Technology,NASDAQ,United States,0.33
5,FROG,JFROG LTD,Information Technology,NASDAQ,United States,0.32
6,EAT,BRINKER INTERNATIONAL INC,Consumer Discretionary,NYSE,United States,0.32
7,BTSG,BRIGHTSPRING HEALTH SERVICES INC,Health Care,NASDAQ,United States,0.30
8,CYTK,CYTOKINETICS,Health Care,NASDAQ,United States,0.30
9,ONB,OLD NATIONAL BANCORP,Financials,NASDAQ,United States,0.30
10,COMP,COMPASS INC CLASS A,Real Estate,NYSE,United States,0.30
11,PTGX,PROTAGONIST THERAPEUTICS,Health Care,NASDAQ,United States,0.29
12,PRAX,PRAXIS PRECISION MEDICINES,Health Care,NASDAQ,United States,0.29
13,HQY,HEALTHEQUITY,Health Care,NASDAQ,United States,0.28
14,IDCC,INTERDIGITAL INC,Information Technology,NASDAQ,United States,0.28
15,CTRE,CARETRUST REIT,Real Estate,NYSE,United States,0.27
16,FCFS,FIRSTCASH HOLDINGS INC,Financials,NASDAQ,United States,0.27
17,CRNX,CRINETICS PHARMACEUTICALS,Health Care,NASDAQ,United States,0.27
18,HUT,HUT CORP,Information Technology,NASDAQ,United States,0.27
19,KRYS,KRYSTAL BIOTECH,Health Care,NASDAQ,United States,0.26
20,RHP,RYMAN HOSPITALITY PROPERTIES REIT,Real Estate,NYSE,United States,0.26
21,ALKS,ALKERMES,Health Care,NASDAQ,United States,0.26
22,JXN,JACKSON FINANCIAL CLASS A,Financials,NYSE,United States,0.25
23,CMC,COMMERCIAL METALS,Materials,NYSE,United States,0.25
24,TWST,TWIST BIOSCIENCE,Health Care,NASDAQ,United States,0.25
25,ESE,ESCO TECHNOLOGIES,Industrials,NYSE,United States,0.25
26,SM,SM ENERGY,Energy,NYSE,United States,0.24
27,PCVX,VAXCYTE,Health Care,NASDAQ,United States,0.24
28,QBTS,D WAVE QUANTUM,Information Technology,NASDAQ,United States,0.24
29,AGX,ARGAN,Industrials,NYSE,United States,0.24
30,ZWS,ZURN ELKAY WATER SOLUTIONS CORP,Industrials,NYSE,United States,0.24
31,TEX,TEREX,Industrials,NYSE,United States,0.24
32,SYRE,SPYRE THERAPEUTICS INC,Health Care,NASDAQ,United States,0.23
33,FLR,FLUOR CORP,Industrials,NYSE,United States,0.23
34,VLY,VALLEY NATIONAL,Financials,NASDAQ,United States,0.23
35,FSS,FEDERAL SIGNAL CORP,Industrials,NYSE,United States,0.23
36,OSCR,OSCAR HEALTH CLASS A,Financials,NYSE,United States,0.23
37,TRNO,TERRENO REALTY REIT,Real Estate,NYSE,United States,0.23
38,ENS,ENERSYS,Industrials,NYSE,United States,0.23
39,PBF,PBF ENERGY CLASS A,Energy,NYSE,United States,0.23
40,SNEX,STONEX GROUP INC,Financials,NASDAQ,United States,0.23
41,SLAB,SILICON LABORATORIES,Information Technology,NASDAQ,United States,0.22
42,NPO,ENPRO INC,Industrials,NYSE,United States,0.22
43,ACA,ARCOSA,Industrials,NYSE,United States,0.22
44,PLXS,PLEXUS CORP,Information Technology,NASDAQ,United States,0.22
45,KYMR,KYMERA THERAPEUTICS,Health Care,NASDAQ,United States,0.22
46,ORA,ORMAT TECH INC,Utilities,NYSE,United States,0.22
47,QLYS,QUALYS,Information Technology,NASDAQ,United States,0.22
48,SSRM,SSR MINING,Materials,NASDAQ,Canada,0.22
49,MAC,MACERICH REIT,Real Estate,NYSE,United States,0.22
50,TXG,10X GENOMICS CLASS A,Health Care,NASDAQ,United States,0.22
51,TGTX,TG THERAPEUTICS,Health Care,NASDAQ,United States,0.22
52,EPRT,ESSENTIAL PROPERTIES REALTY TRUST,Real Estate,NYSE,United States,0.21
53,RIOT,RIOT PLATFORMS,Information Technology,NASDAQ,United States,0.21
54,SWX,SOUTHWEST GAS HOLDINGS,Utilities,NYSE,United States,0.21
55,CVLT,COMMVAULT SYSTEMS,Information Technology,NASDAQ,United States,0.21
56,UBSI,UNITED BANKSHARES,Financials,NASDAQ,United States,0.21
57,HWC,HANCOCK WHITNEY,Financials,NASDAQ,United States,0.21
58,ZETA,ZETA GLOBAL HOLDINGS CLASS A,Information Technology,NYSE,United States,0.21
59,GBCI,GLACIER BANCORP INC,Financials,NYSE,United States,0.21
60,MXL,MAXLINEAR,Information Technology,NASDAQ,United States,0.21
61,LNTH,LANTHEUS HOLDINGS,Health Care,NASDAQ,United States,0.20
62,MATX,MATSON INC,Industrials,NYSE,United States,0.20
63,VSEC,VSE CORP,Industrials,NASDAQ,United States,0.20
64,LTH,LIFE TIME GROUP HOLDINGS,Consumer Discretionary,NYSE,United States,0.20
65,VSXY,VICTORIA S SECRET,Consumer Discretionary,NYSE,United States,0.20
66,GATX,GATX,Industrials,NYSE,United States,0.20
67,ENVA,ENOVA INTERNATIONAL,Financials,NYSE,United States,0.20
68,RYTM,RHYTHM PHARMACEUTICALS,Health Care,NASDAQ,United States,0.20
69,ESNT,ESSENT GROUP,Financials,NYSE,United States,0.20
70,KGS,KODIAK GAS SERVICES INC,Energy,NYSE,United States,0.19
71,XENE,XENON PHARMACEUTICALS,Health Care,NASDAQ,United States,0.19
72,CORZ,CORE SCIENTIFIC INC,Information Technology,NASDAQ,United States,0.19
73,RGTI,RIGETTI COMPUTING,Information Technology,NASDAQ,United States,0.19
74,LUMN,LUMEN TECHNOLOGIES,Communication,NYSE,United States,0.19
75,JBTM,JBT MAREL,Industrials,NYSE,United States,0.19
76,COGT,COGENT BIOSCIENCES,Health Care,NASDAQ,United States,0.19
77,HIMS,HIMS HERS HEALTH CLASS A,Health Care,NYSE,United States,0.19
78,AUB,ATLANTIC UNION BANKSHARES,Financials,NYSE,United States,0.19
79,MRCY,MERCURY SYSTEMS INC,Industrials,NASDAQ,United States,0.19
80,FTDR,FRONTDOOR INC,Consumer Discretionary,NASDAQ,United States,0.19
81,APGE,APOGEE THERAPEUTICS,Health Care,NASDAQ,United States,0.19
82,POR,PORTLAND GENERAL ELECTRIC,Utilities,NYSE,United States,0.19
83,NOVT,NOVANTA,Information Technology,NASDAQ,United States,0.19
84,MGY,MAGNOLIA OIL GAS CORP CLASS A,Energy,NYSE,United States,0.19
85,ABCB,AMERIS BANCORP,Financials,NYSE,United States,0.18
86,PTCT,PTC THERAPEUTICS,Health Care,NASDAQ,United States,0.18
87,TXNM,TXNM ENERGY INC,Utilities,NYSE,United States,0.18
88,MTRN,MATERION,Materials,NYSE,United States,0.18
89,SRRK,SCHOLAR ROCK HOLDING,Health Care,NASDAQ,United States,0.18
90,HOMB,HOME BANCSHARES INC,Financials,NYSE,United States,0.18
91,IBP,INSTALLED BUILDING PRODUCTS,Consumer Discretionary,NYSE,United States,0.18
92,SIGI,SELECTIVE INSURANCE GROUP,Financials,NASDAQ,United States,0.18
93,AROC,ARCHROCK INC,Energy,NYSE,United States,0.18
94,BKH,BLACK HILLS CORP,Utilities,NYSE,United States,0.18
95,LGND,LIGAND PHARMACEUTICALS,Health Care,NASDAQ,United States,0.18
96,BCPC,BALCHEM,Materials,NASDAQ,United States,0.18
97,CWST,CASELLA WASTE SYSTEMS CLASS A,Industrials,NASDAQ,United States,0.18
98,TTAN,SERVICETITAN INC CLASS A,Information Technology,NASDAQ,United States,0.18
99,NJR,NEW JERSEY RESOURCES CORP,Utilities,NYSE,United States,0.18
100,DFTX,DEFINIUM THERAPEUTICS INC,Health Care,NASDAQ,United States,0.18
101,AIR,AAR,Industrials,NYSE,United States,0.18
102,NE,NOBLE CORPORATION PLC,Energy,NYSE,United States,0.18
103,ROAD,CONSTRUCTION PARTNERS CLASS A,Industrials,NASDAQ,United States,0.18
104,CIFR,CIPHER DIGITAL INC,Information Technology,NASDAQ,United States,0.17
105,HRI,HERC HOLDINGS,Industrials,NYSE,United States,0.17
106,RIG,TRANSOCEAN,Energy,NYSE,United States,0.17
107,ACIW,ACI WORLDWIDE,Information Technology,NASDAQ,United States,0.17
108,KRG,KITE REALTY GROUP TRUST REIT,Real Estate,NYSE,United States,0.17
109,PIPR,PIPER SANDLER COMPANIES,Financials,NYSE,United States,0.17
110,SXT,SENSIENT TECHNOLOGIES,Materials,NYSE,United States,0.17
111,JOBY,JOBY AVIATION CLASS A,Industrials,NYSE,United States,0.17
112,CSW,CSW INDUSTRIALS,Industrials,NYSE,United States,0.17
113,UEC,URANIUM ENERGY,Energy,Nyse Mkt Llc,United States,0.17
114,GVA,GRANITE CONSTRUCTION INC,Industrials,NYSE,United States,0.17
115,CGON,CG ONCOLOGY,Health Care,NASDAQ,United States,0.17
116,HASI,HA SUSTAINABLE INFRASTRUCTURE CAPI,Financials,NYSE,United States,0.17
117,TVTX,TRAVERE THERAPEUTICS,Health Care,NASDAQ,United States,0.17
118,RDNT,RADNET,Health Care,NASDAQ,United States,0.17
119,ORKA,ORUKA THERAPEUTICS INC,Health Care,NASDAQ,United States,0.17
120,MMSI,MERIT MEDICAL SYSTEMS INC,Health Care,NASDAQ,United States,0.17
121,BDC,BELDEN,Information Technology,NYSE,United States,0.17
122,AX,AXOS FINANCIAL,Financials,NYSE,United States,0.17
123,SKY,CHAMPION HOMES INC,Consumer Discretionary,NYSE,United States,0.16
124,PECO,PHILLIPS EDISON AND COMPANY,Real Estate,NASDAQ,United States,0.16
125,CAKE,CHEESECAKE FACTORY INC,Consumer Discretionary,NASDAQ,United States,0.16
126,VRNS,VARONIS SYSTEMS,Information Technology,NASDAQ,United States,0.16
127,UFPI,UFP INDUSTRIES,Industrials,NASDAQ,United States,0.16
128,PI,IMPINJ,Information Technology,NASDAQ,United States,0.16
129,OGS,ONE GAS,Utilities,NYSE,United States,0.16
130,CNO,CNO FINANCIAL GROUP,Financials,NYSE,United States,0.16
131,SBRA,SABRA HEALTH CARE REIT,Real Estate,NASDAQ,United States,0.16
132,DNTH,DIANTHUS THERAPEUTICS INC,Health Care,NASDAQ,United States,0.16
133,BIPC,BROOKFIELD INFRASTRUCTURE CORP CLA,Utilities,NYSE,Canada,0.16
134,OII,OCEANEERING INTERNATIONAL INC,Energy,NYSE,United States,0.16
135,VCTR,VICTORY CAPITAL HOLDINGS CLASS A,Financials,NASDAQ,United States,0.16
136,MYRG,MYR GROUP INC,Industrials,NASDAQ,United States,0.16
137,PRM,PERIMETER SOLUTIONS,Materials,NYSE,United States,0.16
138,WHD,CACTUS CLASS A,Energy,NYSE,United States,0.16
139,RUSHA,RUSH ENTERPRISES CLASS A,Industrials,NASDAQ,United States,0.16
140,LQDA,LIQUIDIA,Health Care,NASDAQ,United States,0.16
141,RDN,RADIAN GROUP,Financials,NYSE,United States,0.16
142,GTX,GARRETT MOTION,Consumer Discretionary,NASDAQ,United States,0.16
143,GLNG,GOLAR LNG,Energy,NASDAQ,Norway,0.16
144,HCC,WARRIOR MET COAL INC,Materials,NYSE,United States,0.16
145,BOOT,BOOT BARN HOLDINGS,Consumer Discretionary,NYSE,United States,0.16
146,CRSP,CRISPR THERAPEUTICS AG,Health Care,NASDAQ,United States,0.15
147,KLIC,KULICKE AND SOFFA INDUSTRIES INC,Information Technology,NASDAQ,United States,0.15
148,EBC,EASTERN BANKSHARES INC,Financials,NASDAQ,United States,0.15
149,SPHR,SPHERE ENTERTAINMENT CLASS A,Communication,NYSE,United States,0.15
150,SR,SPIRE INC,Utilities,NYSE,United States,0.15
151,VAL,VALARIS LTD,Energy,NYSE,United States,0.15
152,CNX,CNX RESOURCES,Energy,NYSE,United States,0.15
153,MTH,MERITAGE CORP,Consumer Discretionary,NYSE,United States,0.15
154,ANF,ABERCROMBIE AND FITCH CLASS A,Consumer Discretionary,NYSE,United States,0.15
155,MUR,MURPHY OIL CORP,Energy,NYSE,United States,0.15
156,AXTI,AXT,Information Technology,NASDAQ,United States,0.15
157,OUT,OUTFRONT MEDIA,Real Estate,NYSE,United States,0.15
158,SFBS,SERVISFIRST BANCSHARES INC,Financials,NYSE,United States,0.15
159,BCO,BRINKS,Industrials,NYSE,United States,0.15
160,CVCO,CAVCO INDUSTRIES,Consumer Discretionary,NASDAQ,United States,0.15
161,PSMT,PRICESMART,Consumer Staples,NASDAQ,United States,0.15
162,CNR,CORE NATURAL RESOURCES,Energy,NYSE,United States,0.15
163,FFIN,FIRST FINANCIAL BANKSHARES INC,Financials,NASDAQ,United States,0.15
164,ACHR,ARCHER AVIATION CLASS A,Industrials,NYSE,United States,0.15
165,ASB,ASSOCIATED BANCORP,Financials,NYSE,United States,0.14
166,KTB,KONTOOR BRANDS,Consumer Discretionary,NYSE,United States,0.14
167,MIRM,MIRUM PHARMACEUTICALS,Health Care,NASDAQ,United States,0.14
168,BOX,BOX INC CLASS A,Information Technology,NYSE,United States,0.14
169,FSLY,FASTLY CLASS A,Information Technology,NASDAQ,United States,0.14
170,LAUR,LAUREATE EDUCATION,Consumer Discretionary,NASDAQ,United States,0.14
171,VSH,VISHAY INTERTECHNOLOGY INC,Information Technology,NYSE,United States,0.14
172,LIVN,LIVANOVA PLC,Health Care,NASDAQ,United States,0.14
173,ITRI,ITRON,Information Technology,NASDAQ,United States,0.14
174,TDW,TIDEWATER,Energy,NYSE,United States,0.14
175,TENB,TENABLE HOLDINGS,Information Technology,NASDAQ,United States,0.14
176,INDV,INDIVIOR PHARMACEUTICALS INC,Health Care,NASDAQ,United States,0.14
177,FULT,FULTON FINANCIAL CORP,Financials,NASDAQ,United States,0.14
178,CVSA,COVISTA,Consumer Discretionary,NYSE,United States,0.14
179,MRX,MAREX GROUP LTD,Financials,NASDAQ,Bermuda,0.14
180,NSIT,INSIGHT ENTERPRISES INC,Information Technology,NASDAQ,United States,0.14
181,AZZ,AZZ INC,Industrials,NYSE,United States,0.14
182,KFY,KORN FERRY,Industrials,NYSE,United States,0.14
183,CBT,CABOT CORP,Materials,NYSE,United States,0.14
184,ACLS,AXCELIS TECHNOLOGIES,Information Technology,NASDAQ,United States,0.14
185,NWE,NORTHWESTERN ENERGY GROUP,Utilities,NASDAQ,United States,0.14
186,FBP,FIRST BANCORP,Financials,NYSE,United States,0.14
187,DIOD,DIODES,Information Technology,NASDAQ,United States,0.14
188,ICUI,ICU MEDICAL,Health Care,NASDAQ,United States,0.14
189,TCBI,TEXAS CAPITAL BANCSHARES,Financials,NASDAQ,United States,0.14
190,PJT,PJT PARTNERS CLASS A,Financials,NYSE,United States,0.14
191,FLG,FLAGSTAR BANK NATIONAL ASSOCIATION,Financials,NYSE,United States,0.14
192,URBN,URBAN OUTFITTERS INC,Consumer Discretionary,NASDAQ,United States,0.14
193,XMTR,XOMETRY CLASS A,Industrials,NASDAQ,United States,0.14
194,ACMR,ACM RESEARCH CLASS A,Information Technology,NASDAQ,United States,0.14
195,YOU,CLEAR SECURE CLASS A,Information Technology,NYSE,United States,0.13
196,CDP,COPT DEFENSE PROPERTIES,Real Estate,NYSE,United States,0.13
197,TPC,TUTOR PERINI,Industrials,NYSE,United States,0.13
198,CATY,CATHAY GENERAL BANCORP,Financials,NASDAQ,United States,0.13
199,ONDS,ONDAS INC,Information Technology,NASDAQ,United States,0.13
200,SKYW,SKYWEST,Industrials,NASDAQ,United States,0.13
201,SKT,TANGER,Real Estate,NYSE,United States,0.13
202,AVNT,AVIENT CORP,Materials,NYSE,United States,0.13
203,HAE,HAEMONETICS CORP,Health Care,NYSE,United States,0.13
204,ITGR,INTEGER HOLDINGS CORP,Health Care,NYSE,United States,0.13
205,UNF,UNIFIRST,Industrials,NYSE,United States,0.13
206,HP,HELMERICH & PAYNE,Energy,NYSE,United States,0.13
207,WSFS,WSFS FINANCIAL,Financials,NASDAQ,United States,0.13
208,SLG,SL GREEN REALTY REIT CORP,Real Estate,NYSE,United States,0.13
209,ATMU,ATMUS FILTRATION TECHNOLOGIES,Industrials,NYSE,United States,0.13
210,QTWO,Q2 HOLDINGS INC,Information Technology,NYSE,United States,0.13
211,BNL,BROADSTONE NET LEASE,Real Estate,NYSE,United States,0.13
212,DK,DELEK US HOLDINGS INC,Energy,NYSE,United States,0.13
213,UCTT,ULTRA CLEAN HOLDINGS INC,Information Technology,NASDAQ,United States,0.13
214,CHEF,CHEFS WAREHOUSE INC,Consumer Staples,NASDAQ,United States,0.13
215,UCB,UNITED COMMUNITY BANKS INC,Financials,NYSE,United States,0.13
216,SYNA,SYNAPTICS,Information Technology,NASDAQ,United States,0.13
217,INDB,INDEPENDENT BANK CORP,Financials,NASDAQ,United States,0.13
218,BGC,BGC GROUP INC CLASS A,Financials,NASDAQ,United States,0.13
219,ABG,ASBURY AUTOMOTIVE GROUP INC,Consumer Discretionary,NYSE,United States,0.13
220,CON,CONCENTRA GROUP HOLDINGS PARENT IN,Health Care,NYSE,United States,0.13
221,IBOC,INTERNATIONAL BANCSHARES CORP,Financials,NASDAQ,United States,0.13
222,GFF,GRIFFON,Industrials,NYSE,United States,0.13
223,STEP,STEPSTONE GROUP CLASS A,Financials,NASDAQ,United States,0.13
224,IRTC,IRHYTHM HOLDINGS INC,Health Care,NASDAQ,United States,0.13
225,RNST,RENASANT CORP,Financials,NYSE,United States,0.13
226,IRT,INDEPENDENCE REALTY,Real Estate,NYSE,United States,0.13
227,FELE,FRANKLIN ELECTRIC,Industrials,NASDAQ,United States,0.13
228,PARR,PAR PACIFIC HOLDINGS INC,Energy,NYSE,United States,0.13
229,CECO,CECO ENVIRONMENTAL,Industrials,NASDAQ,United States,0.13
230,RELY,REMITLY GLOBAL INC,Financials,NASDAQ,United States,0.13
231,MC,MOELIS CLASS A,Financials,NYSE,United States,0.12
232,INSW,INTERNATIONAL SEAWAYS,Energy,NYSE,United States,0.12
233,MWA,MUELLER WATER PRODUCTS SERIES A,Industrials,NYSE,United States,0.12
234,CNK,CINEMARK HOLDINGS INC,Communication,NYSE,United States,0.12
235,SXI,STANDEX INTERNATIONAL CORP,Industrials,NYSE,United States,0.12
236,KAI,KADANT INC,Industrials,NYSE,United States,0.12
237,MHO,M I HOMES INC,Consumer Discretionary,NYSE,United States,0.12
238,CSTM,CONSTELLIUM SE CLASS A,Materials,NYSE,United States,0.12
239,CVBF,CVB FINANCIAL CORP,Financials,NASDAQ,United States,0.12
240,ERAS,ERASCA,Health Care,NASDAQ,United States,0.12
241,DYN,DYNE THERAPEUTICS,Health Care,NASDAQ,United States,0.12
242,WSBC,WESBANCO,Financials,NASDAQ,United States,0.12
243,RXO,RXO INC,Industrials,NYSE,United States,0.12
244,GEO,GEO GROUP,Industrials,NYSE,United States,0.12
245,BMI,BADGER METER,Information Technology,NYSE,United States,0.12
246,CRC,CALIFORNIA RESOURCES,Energy,NYSE,United States,0.12
247,WK,WORKIVA CLASS A,Information Technology,NYSE,United States,0.12
248,PTEN,PATTERSON UTI ENERGY INC,Energy,NASDAQ,United States,0.12
249,OPCH,OPTION CARE HEALTH INC,Health Care,NASDAQ,United States,0.12
250,PII,POLARIS INC,Consumer Discretionary,NYSE,United States,0.12
251,LMND,LEMONADE INC,Financials,NYSE,United States,0.12
252,KNF,KNIFE RIVER CORP,Materials,NYSE,United States,0.12
253,GHC,GRAHAM HOLDINGS COMPANY CLASS B,Consumer Discretionary,NYSE,United States,0.12
254,MIR,MIRION TECHNOLOGIES CLASS A,Information Technology,NYSE,United States,0.12
255,AEHR,AEHR TEST SYSTEMS,Information Technology,NASDAQ,United States,0.12
256,OPLN,OPENLANE INC,Industrials,NYSE,United States,0.12
257,ADPT,ADAPTIVE BIOTECHNOLOGIES,Health Care,NASDAQ,United States,0.12
258,LGN,LEGENCE CLASS A,Industrials,NASDAQ,United States,0.11
259,DORM,DORMAN PRODUCTS,Consumer Discretionary,NASDAQ,United States,0.11
260,UUUU,ENERGY FUELS INC,Energy,Nyse Mkt Llc,Canada,0.11
261,SIG,SIGNET JEWELERS,Consumer Discretionary,NYSE,United States,0.11
262,DNLI,DENALI THERAPEUTICS,Health Care,NASDAQ,United States,0.11
263,HNGE,HINGE HEALTH CLASS A,Health Care,NYSE,United States,0.11
264,ACAD,ACADIA PHARMACEUTICALS,Health Care,NASDAQ,United States,0.11
265,OSIS,OSI SYSTEMS,Information Technology,NASDAQ,United States,0.11
266,STNG,SCORPIO TANKERS,Energy,NYSE,United States,0.11
267,GNW,GENWORTH FINANCIAL INC,Financials,NYSE,United States,0.11
268,CALM,CAL MAINE FOODS,Consumer Staples,NASDAQ,United States,0.11
269,TNGX,TANGO THERAPEUTICS,Health Care,NASDAQ,United States,0.11
270,FFBC,FIRST FINANCIAL BANCORP,Financials,NASDAQ,United States,0.11
271,OTTR,OTTER TAIL,Utilities,NASDAQ,United States,0.11
272,APLE,APPLE HOSPITALITY REIT INC,Real Estate,NYSE,United States,0.11
273,USAR,USA RARE EARTH CLASS A,Materials,NASDAQ,United States,0.11
274,LEU,CENTRUS ENERGY CLASS A,Energy,NYSE,United States,0.11
275,HNI,HNI,Industrials,NYSE,United States,0.11
276,FIBK,FIRST INTERSTATE BANCSYSTEM INC,Financials,NASDAQ,United States,0.11
277,MARA,MARA HOLDINGS INC,Information Technology,NASDAQ,United States,0.11
278,HIW,HIGHWOODS PROPERTIES REIT,Real Estate,NYSE,United States,0.11
279,LXP,LXP INDUSTRIAL TRUST,Real Estate,NYSE,United States,0.11
280,IMVT,IMMUNOVANT,Health Care,NASDAQ,United States,0.11
281,NMIH,NMI HOLDINGS,Financials,NASDAQ,United States,0.11
282,LRN,STRIDE INC,Consumer Discretionary,NYSE,United States,0.11
283,MGNI,MAGNITE,Communication,NASDAQ,United States,0.11
284,NIC,NICOLET BANKSHARES INC,Financials,NYSE,United States,0.11
285,AAP,ADVANCE AUTO PARTS INC,Consumer Discretionary,NYSE,United States,0.11
286,AWR,AMERICAN STATES WATER,Utilities,NYSE,United States,0.11
287,AMBA,AMBARELLA,Information Technology,NASDAQ,United States,0.11
288,SBCF,SEACOAST BANKING OF FLORIDA,Financials,NASDAQ,United States,0.11
289,PRK,PARK NATIONAL CORP,Financials,Nyse Mkt Llc,United States,0.11
290,BELFB,BEL FUSE CLASS B,Information Technology,NASDAQ,United States,0.11
291,TDS,TELEPHONE AND DATA SYSTEMS,Communication,NYSE,United States,0.11
292,POWI,POWER INTEGRATIONS,Information Technology,NASDAQ,United States,0.11
293,SHOO,STEVEN MADDEN,Consumer Discretionary,NASDAQ,United States,0.11
294,CBU,COMMUNITY FINANCIAL SYSTEM INC,Financials,NYSE,United States,0.11
295,NATL,NCR ATLEOS,Financials,NYSE,United States,0.11
296,NHI,NATIONAL HEALTH INVESTORS REIT,Real Estate,NYSE,United States,0.11
297,CWK,CUSHMAN AND WAKEFIELD LTD,Real Estate,NYSE,United States,0.11
298,VCYT,VERACYTE,Health Care,NASDAQ,United States,0.11
299,KBH,KB HOME,Consumer Discretionary,NYSE,United States,0.11
300,OPEN,OPENDOOR TECHNOLOGIES CLASS A,Real Estate,NASDAQ,United States,0.11
301,DAVE,DAVE CLASS A,Financials,NASDAQ,United States,0.11
302,SFNC,SIMMONS FIRST NATIONAL CLASS A,Financials,NASDAQ,United States,0.11
303,VAC,MARRIOTT VACATIONS WORLDWIDE,Consumer Discretionary,NYSE,United States,0.11
304,DAN,DANA INCORPORATED INC,Consumer Discretionary,NYSE,United States,0.11
305,LBRT,LIBERTY ENERGY CLASS A,Energy,NYSE,United States,0.11
306,ASH,ASHLAND,Materials,NYSE,United States,0.10
307,CLMT,CALUMET,Energy,NASDAQ,United States,0.10
308,PLMR,PALOMAR HOLDINGS,Financials,NASDAQ,United States,0.10
309,MIAX,MIAMI INTERNATIONAL HOLDINGS,Financials,NYSE,United States,0.10
310,FUL,HB FULLER,Materials,NYSE,United States,0.10
311,CLDX,CELLDEX THERAPEUTICS,Health Care,NASDAQ,United States,0.10
312,EXPO,EXPONENT,Industrials,NASDAQ,United States,0.10
313,MSGE,MADISON SQUARE GARDEN ENTERTAINMEN,Communication,NYSE,United States,0.10
314,TOWN,TOWNEBANK,Financials,NASDAQ,United States,0.10
315,CELC,CELCUITY,Health Care,NASDAQ,United States,0.10
316,VGNT,VERSIGENT PLC,Consumer Discretionary,NYSE,United States,0.10
317,BKU,BANKUNITED,Financials,NYSE,United States,0.10
318,ARCB,ARCBEST,Industrials,NASDAQ,United States,0.10
319,KNSA,KINIKSA PHARMACEUTICALS INTERNATIO,Health Care,NASDAQ,United States,0.10
320,AVA,AVISTA,Utilities,NYSE,United States,0.10
321,CENX,CENTURY ALUMINUM,Materials,NASDAQ,United States,0.10
322,RLAY,RELAY THERAPEUTICS,Health Care,NASDAQ,United States,0.10
323,CPK,CHESAPEAKE UTILITIES,Utilities,NYSE,United States,0.10
324,ATKR,ATKORE INC,Industrials,NYSE,United States,0.10
325,VECO,VEECO INSTRUMENTS INC,Information Technology,NASDAQ,United States,0.10
326,KN,KNOWLES,Information Technology,NYSE,United States,0.10
327,SMR,NUSCALE POWER CORP CLASS A,Industrials,NYSE,United States,0.10
328,SEI,SOLARIS ENERGY INFRASTRUCTURE INC,Energy,NYSE,United States,0.10
329,ADEA,ADEIA,Information Technology,NASDAQ,United States,0.10
330,DGII,DIGI INTERNATIONAL,Information Technology,NASDAQ,United States,0.10
331,ASO,ACADEMY SPORTS AND OUTDOORS,Consumer Discretionary,NASDAQ,United States,0.10
332,COCO,THE VITA COCO COMPANY,Consumer Staples,NASDAQ,United States,0.10
333,PLUG,PLUG POWER,Industrials,NASDAQ,United States,0.10
334,CLBK,COLUMBIA FINANCIAL INC,Financials,NASDAQ,United States,0.10
335,WDFC,WD-40,Consumer Staples,NASDAQ,United States,0.10
336,PFS,PROVIDENT FINANCIAL SERVICES INC,Financials,NYSE,United States,0.10
337,EXTR,EXTREME NETWORKS,Information Technology,NASDAQ,United States,0.10
338,CRGY,CRESCENT ENERGY CLASS A,Energy,NYSE,United States,0.10
339,NAVN,NAVAN CLASS A,Consumer Discretionary,NASDAQ,United States,0.10
340,CXW,CORECIVIC REIT,Industrials,NYSE,United States,0.10
341,MMS,MAXIMUS,Industrials,NYSE,United States,0.10
342,GPI,GROUP AUTOMOTIVE INC,Consumer Discretionary,NYSE,United States,0.10
343,WT,WISDOMTREE,Financials,NYSE,United States,0.10
344,PENG,PENGUIN SOLUTIONS INC,Information Technology,NASDAQ,United States,0.10
345,TMDX,TRANSMEDICS GROUP,Health Care,NASDAQ,United States,0.10
346,EWTX,EDGEWISE THERAPEUTICS INC,Health Care,NASDAQ,United States,0.10
347,DNOW,DNOW,Industrials,NYSE,United States,0.09
348,CWT,CALIFORNIA WATER SERVICE GROUP,Utilities,NYSE,United States,0.09
349,IDYA,IDEAYA BIOSCIENCES,Health Care,NASDAQ,United States,0.09
350,AGYS,AGILYSYS INC,Information Technology,NASDAQ,United States,0.09
351,BCC,BOISE CASCADE,Industrials,NYSE,United States,0.09
352,BWIN,BALDWIN INSURANCE GROUP CLASS A,Financials,NASDAQ,United States,0.09
353,MGEE,MGE ENERGY,Utilities,NASDAQ,United States,0.09
354,KALU,KAISER ALUMINIUM,Materials,NASDAQ,United States,0.09
355,RRR,RED ROCK RESORTS ORS CLASS A,Consumer Discretionary,NASDAQ,United States,0.09
356,BTU,PEABODY ENERGY CORP,Energy,NYSE,United States,0.09
357,MGRC,MCGRATH RENT,Industrials,NASDAQ,United States,0.09
358,SDRL,SEADRILL,Energy,NYSE,United States,0.09
359,BKD,BROOKDALE SENIOR LIVING INC,Health Care,NYSE,United States,0.09
360,ATRO,ASTRONICS,Industrials,NASDAQ,United States,0.09
361,SOUN,SOUNDHOUND AI CLASS A,Information Technology,NASDAQ,United States,0.09
362,CURB,CURBLINE PROPERTIES,Real Estate,NYSE,United States,0.09
363,UNFI,UNITED NATURAL FOODS INC,Consumer Staples,NYSE,United States,0.09
364,SPSC,SPS COMMERCE,Information Technology,NASDAQ,United States,0.09
365,BOH,BANK OF HAWAII,Financials,NYSE,United States,0.09
366,VC,VISTEON,Consumer Discretionary,NASDAQ,United States,0.09
367,MCY,MERCURY GENERAL,Financials,NYSE,United States,0.09
368,AMRX,AMNEAL PHARMACEUTICALS CLASS A,Health Care,NASDAQ,United States,0.09
369,IBRX,IMMUNITYBIO INC,Health Care,NASDAQ,United States,0.09
370,ARQT,ARCUTIS BIOTHERAPEUTICS,Health Care,NASDAQ,United States,0.09
371,SHAK,SHAKE SHACK INC CLASS A,Consumer Discretionary,NYSE,United States,0.09
372,CLSK,CLEANSPARK,Information Technology,NASDAQ,United States,0.09
373,NTCT,NETSCOUT SYSTEMS,Information Technology,NASDAQ,United States,0.09
374,BHE,BENCHMARK ELECTRONICS INC,Information Technology,NYSE,United States,0.09
375,TARS,TARSUS PHARMACEUTICALS,Health Care,NASDAQ,United States,0.09
376,DX,DYNEX CAPITAL REIT INC,Financials,NYSE,United States,0.09
377,CARG,CARGURUS CLASS A,Communication,NASDAQ,United States,0.09
378,ABM,ABM INDUSTRIES INC,Industrials,NYSE,United States,0.09
379,PK,PARK HOTELS RESORTS INC,Real Estate,NYSE,United States,0.09
380,DBRG,DIGITALBRIDGE GROUP INC CLASS A,Financials,NYSE,United States,0.09
381,NHC,NATIONAL HEALTHCARE CORP,Health Care,Nyse Mkt Llc,United States,0.09
382,BRZE,BRAZE INC CLASS A,Information Technology,NASDAQ,United States,0.09
383,AKR,ACADIA REALTY TRUST REIT,Real Estate,NYSE,United States,0.09
384,UE,URBAN EDGE PROPERTIES,Real Estate,NYSE,United States,0.09
385,OUST,OUSTER,Information Technology,NASDAQ,United States,0.09
386,DHT,DHT HOLDINGS,Energy,NYSE,Bermuda,0.09
387,GRAL,GRAIL INC,Health Care,NASDAQ,United States,0.09
388,REZI,RESIDEO TECHNOLOGIES,Industrials,NYSE,United States,0.09
389,RH,RH,Consumer Discretionary,NYSE,United States,0.09
390,WAY,WAYSTAR HOLDING,Health Care,NASDAQ,United States,0.09
391,LASR,NLIGHT,Information Technology,NASDAQ,United States,0.09
392,ACHC,ACADIA HEALTHCARE COMPANY,Health Care,NASDAQ,United States,0.09
393,PHIN,PHINIA,Consumer Discretionary,NYSE,United States,0.09
394,DCO,DUCOMMUN,Industrials,NYSE,United States,0.09
395,FRME,FIRST MERCHANTS,Financials,NASDAQ,United States,0.09
396,IMNM,IMMUNOME,Health Care,NASDAQ,United States,0.09
397,PATK,PATRICK INDUSTRIES,Consumer Discretionary,NASDAQ,United States,0.09
398,FCPT,FOUR CORNERS PROPERTY INC TRUST,Real Estate,NYSE,United States,0.09
399,MAN,MANPOWER INC,Industrials,NYSE,United States,0.09
400,APAM,ARTISAN PARTNERS ASSET MANAGEMENT,Financials,NYSE,United States,0.09
401,FBK,FB FINANCIAL,Financials,NYSE,United States,0.09
402,COHU,COHU,Information Technology,NASDAQ,United States,0.08
403,BANC,BANC OF CALIFORNIA,Financials,NYSE,United States,0.08
404,TBBK,BANCORP INC,Financials,NASDAQ,United States,0.08
405,OSW,ONESPAWORLD HOLDINGS LTD,Consumer Discretionary,NASDAQ,United States,0.08
406,FRSH,FRESHWORKS CLASS A,Information Technology,NASDAQ,United States,0.08
407,FBNC,FIRST BANCORP,Financials,NASDAQ,United States,0.08
408,NG,NOVAGOLD RESOURCES INC,Materials,Nyse Mkt Llc,Canada,0.08
409,WAFD,WAFD INC,Financials,NASDAQ,United States,0.08
410,GPOR,GULFPORT ENERGY,Energy,NYSE,United States,0.08
411,ALRM,ALARM.COM HOLDINGS,Information Technology,NASDAQ,United States,0.08
412,NBTB,NBT BANCORP,Financials,NASDAQ,United States,0.08
413,HLIO,HELIOS TECHNOLOGIES INC,Industrials,NYSE,United States,0.08
414,BULL,WEBULL CORP CLASS A,Financials,NASDAQ,United States,0.08
415,TRMK,TRUSTMARK,Financials,NASDAQ,United States,0.08
416,CBZ,CBIZ,Industrials,NYSE,United States,0.08
417,NGVT,INGEVITY,Materials,NYSE,United States,0.08
418,WRBY,WARBY PARKER INC CLASS A,Consumer Discretionary,NYSE,United States,0.08
419,BBT,BEACON FINANCIAL,Financials,NYSE,United States,0.08
420,KNTK,KINETIK HOLDINGS CLASS A,Energy,NYSE,United States,0.08
421,JOE,ST JOE,Real Estate,NYSE,United States,0.08
422,TDC,TERADATA,Information Technology,NYSE,United States,0.08
423,SUPN,SUPERNUS PHARMACEUTICALS,Health Care,NASDAQ,United States,0.08
424,NWL,NEWELL BRANDS INC,Consumer Discretionary,NASDAQ,United States,0.08
425,LCII,LCI INDUSTRIES,Consumer Discretionary,NYSE,United States,0.08
426,NEOG,NEOGEN,Health Care,NASDAQ,United States,0.08
427,AAMI,ACADIAN ASSET MANAGEMENT INC,Financials,NYSE,United States,0.08
428,PRVA,PRIVIA HEALTH GROUP INC,Health Care,NASDAQ,United States,0.08
429,UPST,UPSTART HOLDINGS,Financials,NASDAQ,United States,0.08
430,NRIX,NURIX THERAPEUTICS INC,Health Care,NASDAQ,United States,0.08
431,BATRK,ATLANTA BRAVES HOLDINGS SERIES C,Communication,NASDAQ,United States,0.08
432,NKTR,NEKTAR THERAPEUTICS,Health Care,NASDAQ,United States,0.08
433,BEAM,BEAM THERAPEUTICS,Health Care,NASDAQ,United States,0.08
434,IOVA,IOVANCE BIOTHERAPEUTICS INC,Health Care,NASDAQ,United States,0.08
435,CUBI,CUSTOMERS BANCORP,Financials,NYSE,United States,0.08
436,NTB,BANK OF NT BUTTERFIELD & SON LTD,Financials,NYSE,United States,0.08
437,RDW,REDWIRE,Industrials,NYSE,United States,0.08
438,AEO,AMERICAN EAGLE OUTFITTERS,Consumer Discretionary,NYSE,United States,0.08
439,FIVN,FIVE9,Information Technology,NASDAQ,United States,0.08
440,HURN,HURON CONSULTING GROUP,Industrials,NASDAQ,United States,0.08
441,CXT,CRANE NXT,Information Technology,NYSE,United States,0.08
442,RCUS,ARCUS BIOSCIENCES,Health Care,NYSE,United States,0.08
443,NOG,NORTHERN OIL AND GAS,Energy,NYSE,United States,0.08
444,BUSE,FIRST BUSEY,Financials,NASDAQ,United States,0.08
445,DRH,DIAMONDROCK HOSPITALITY,Real Estate,NASDAQ,United States,0.08
446,AXGN,AXOGEN,Health Care,NASDAQ,United States,0.08
447,RARE,ULTRAGENYX PHARMACEUTICAL,Health Care,NASDAQ,United States,0.08
448,VISN,VISTANCE NETWORKS INC,Information Technology,NASDAQ,United States,0.08
449,HGV,HILTON GRAND VACATIONS,Consumer Discretionary,NYSE,United States,0.08
450,DXPE,DXP ENTERPRISES,Industrials,NASDAQ,United States,0.08
451,PAY,PAYMENTUS HOLDINGS INC CLASS A,Financials,NYSE,United States,0.08
452,HWKN,HAWKINS INC,Materials,NASDAQ,United States,0.08
453,HUBG,HUB GROUP CLASS A,Industrials,NASDAQ,United States,0.08
454,GOLF,ACUSHNET HOLDINGS CORP,Consumer Discretionary,NYSE,United States,0.08
455,NVTS,NAVITAS SEMICONDUCTOR,Information Technology,NASDAQ,United States,0.08
456,IVT,INVENTRUST PROPERTIES,Real Estate,NYSE,United States,0.08
457,EFSC,ENTERPRISE FINANCIAL SERVICES CORP,Financials,NASDAQ,United States,0.08
458,ELVN,ENLIVEN THERAPEUTICS,Health Care,NASDAQ,United States,0.08
459,ICHR,ICHOR HOLDINGS,Information Technology,NASDAQ,United States,0.08
460,ROG,ROGERS,Information Technology,NYSE,United States,0.08
461,BANF,BANCFIRST CORP,Financials,NASDAQ,United States,0.08
462,CNS,COHEN & STEERS INC,Financials,NYSE,United States,0.08
463,HTFL,HEARTFLOW,Health Care,NASDAQ,United States,0.08
464,RSI,RUSH STREET INTERACTIVE CLASS A,Consumer Discretionary,NYSE,United States,0.08
465,PBH,PRESTIGE CONSUMER HEALTHCARE INC,Health Care,NYSE,United States,0.08
466,SKWD,SKYWARD SPECIALTY INSURANCE GROUP,Financials,NASDAQ,United States,0.08
467,IMAX,IMAX CORP,Communication,NYSE,United States,0.08
468,CDNA,CAREDX,Health Care,NASDAQ,United States,0.08
469,UFPT,UFP TECHNOLOGIES INC,Health Care,NASDAQ,United States,0.08
470,BANR,BANNER CORP,Financials,NASDAQ,United States,0.08
471,PLUS,EPLUS,Information Technology,NASDAQ,United States,0.08
472,PENN,PENN ENTERTAINMENT,Consumer Discretionary,NASDAQ,United States,0.07
473,NMRK,NEWMARK GROUP INC CLASS A,Real Estate,NASDAQ,United States,0.07
474,MANE,VERADERMICS,Health Care,NYSE,United States,0.07
475,ALHC,ALIGNMENT HEALTHCARE,Health Care,NASDAQ,United States,0.07
476,STNE,STONECO CLASS A,Financials,NASDAQ,Brazil,0.07
477,KWR,QUAKER HOUGHTON CORP,Materials,NYSE,United States,0.07
478,VVX,V2X,Industrials,NYSE,United States,0.07
479,RAMP,LIVERAMP HOLDINGS INC,Information Technology,NYSE,United States,0.07
480,PFSI,PENNYMAC FINANCIAL SERVICES,Financials,NYSE,United States,0.07
481,XRAY,DENTSPLY SIRONA,Health Care,NASDAQ,United States,0.07
482,IOSP,INNOSPEC INC,Materials,NASDAQ,United States,0.07
483,TRN,TRINITY INDUSTRIES INC,Industrials,NYSE,United States,0.07
484,CALX,CALIX NETWORKS,Information Technology,NYSE,United States,0.07
485,LFST,LIFESTANCE HEALTH GROUP,Health Care,NASDAQ,United States,0.07
486,GPGI,GPGI INC CLASS A,Information Technology,NYSE,United States,0.07
487,KMT,KENNAMETAL,Industrials,NYSE,United States,0.07
488,WERN,WERNER ENTERPRISES,Industrials,NASDAQ,United States,0.07
489,MZTI,MARZETTI,Consumer Staples,NASDAQ,United States,0.07
490,SLS,SELLAS LIFE SCIENCES GROUP INC,Health Care,NASDAQ,United States,0.07
491,LION,LIONSGATE STUDIOS,Communication,NYSE,United States,0.07
492,CALY,CALLAWAY GOLF COMPANY,Consumer Discretionary,NYSE,United States,0.07
493,BXMT,BLACKSTONE MORTGAGE TRUST REIT CLA,Financials,NYSE,United States,0.07
494,WTTR,SELECT WATER SOLUTIONS CLASS A,Energy,NYSE,United States,0.07
495,CC,CHEMOURS,Materials,NYSE,United States,0.07
496,AVPT,AVEPOINT CLASS A,Information Technology,NASDAQ,United States,0.07
497,INTA,INTAPP,Information Technology,NASDAQ,United States,0.07
498,RUN,SUNRUN INC,Industrials,NASDAQ,United States,0.07
499,ATAI,ATAIBECKLEY INC,Health Care,NASDAQ,United States,0.07
500,VOYG,VOYAGER TECHNOLOGIES CLASS A,Industrials,NYSE,United States,0.07
501,VCEL,VERICEL,Health Care,NASDAQ,United States,0.07
502,MTX,MINERALS TECHNOLOGIES,Materials,NYSE,United States,0.07
503,BCRX,BIOCRYST PHARMACEUTICALS,Health Care,NASDAQ,United States,0.07
504,IRON,DISC MEDICINE,Health Care,NASDAQ,United States,0.07
505,PTON,PELOTON INTERACTIVE CLASS A INC,Consumer Discretionary,NASDAQ,United States,0.07
506,TILE,INTERFACE,Industrials,NASDAQ,United States,0.07
507,HAPN,HAPPEN,Financials,NASDAQ,United States,0.07
508,NWBI,NORTHWEST BANCSHARES INC,Financials,NASDAQ,United States,0.07
509,LUNR,INTUITIVE MACHINES INC CLASS A,Industrials,NASDAQ,United States,0.07
510,SYBT,STOCK YARDS BANCORP INC,Financials,NASDAQ,United States,0.07
511,HTO,H2O AMERICA,Utilities,NASDAQ,United States,0.07
512,PRLB,PROTO LABS,Industrials,NYSE,United States,0.07
513,BFH,BREAD FINANCIAL HOLDINGS,Financials,NYSE,United States,0.07
514,AGM,FEDERAL AGRICULTURAL MORTGAGE NON,Financials,NYSE,United States,0.07
515,NCNO,NCINO,Information Technology,NASDAQ,United States,0.07
516,MD,PEDIATRIX MEDICAL GROUP INC,Health Care,NYSE,United States,0.07
517,FLYW,FLYWIRE,Financials,NASDAQ,United States,0.07
518,OFG,OFG BANCORP,Financials,NYSE,United States,0.07
519,NESR,NATIONAL ENERGY SERVICES REUNITED,Energy,NASDAQ,United States,0.07
520,ADUS,ADDUS HOMECARE CORP,Health Care,NASDAQ,United States,0.07
521,ANDE,ANDERSONS INC,Consumer Staples,NASDAQ,United States,0.07
522,FCF,FIRST COMMONWEALTH FINANCIAL CORP,Financials,NYSE,United States,0.07
523,NWN,NORTHWEST NATURAL HOLDING COMPANY,Utilities,NYSE,United States,0.07
524,ATRC,ATRICURE,Health Care,NASDAQ,United States,0.07
525,KSS,KOHLS CORP,Consumer Discretionary,NYSE,United States,0.07
526,ADMA,ADMA BIOLOGICS,Health Care,NASDAQ,United States,0.07
527,ECPG,ENCORE CAPITAL GROUP,Financials,NASDAQ,United States,0.07
528,SGHC,SUPER GROUP LTD,Consumer Discretionary,NYSE,United States,0.07
529,GEF,GREIF INC CLASS A,Materials,NYSE,United States,0.07
530,NEO,NEOGENOMICS,Health Care,NASDAQ,United States,0.07
531,HCI,HCI GROUP INC,Financials,NYSE,United States,0.07
532,PPTA,PERPETUA RESOURCES,Materials,NASDAQ,United States,0.07
533,FLY,FIREFLY AEROSPACE,Industrials,NASDAQ,United States,0.07
534,STC,STEWART INFO SERVICES CORP,Financials,NYSE,United States,0.07
535,SEZL,SEZZLE INC,Financials,NASDAQ,United States,0.07
536,GRBK,GREEN BRICK PARTNERS,Consumer Discretionary,NYSE,United States,0.07
537,HMN,HORACE MANN EDUCATORS CORP,Financials,NYSE,United States,0.07
538,IPAR,INTERPARFUMS INC,Consumer Staples,NASDAQ,United States,0.07
539,ARR,ARMOUR RESIDENTIAL REIT,Financials,NYSE,United States,0.07
540,PACS,PACS GROUP,Health Care,NYSE,United States,0.07
541,ALGT,ALLEGIANT TRAVEL,Industrials,NASDAQ,United States,0.06
542,SPB,SPECTRUM BRANDS HOLDINGS,Consumer Staples,NYSE,United States,0.06
543,MBX,MBX BIOSCIENCES,Health Care,NASDAQ,United States,0.06
544,BLBD,BLUE BIRD,Industrials,NASDAQ,United States,0.06
545,CHCO,CITY HOLDING,Financials,NASDAQ,United States,0.06
546,TNK,TEEKAY TANKERS LTD CLASS A,Energy,NYSE,Bermuda,0.06
547,OCUL,OCULAR THERAPEUTIX,Health Care,NASDAQ,United States,0.06
548,AMLX,AMYLYX PHARMACEUTICALS,Health Care,NASDAQ,United States,0.06
549,URGN,UROGEN PHARMA LTD,Health Care,NASDAQ,United States,0.06
550,CTRI,CENTURI HOLDINGS INC,Industrials,NYSE,United States,0.06
551,WLY,JOHN WILEY AND SONS CLASS A,Communication,NYSE,United States,0.06
552,ESTA,ESTABLISHMENT LABS INC,Health Care,NASDAQ,United States,0.06
553,NTST,NETSTREIT,Real Estate,NYSE,United States,0.06
554,EVTC,EVERTEC INC,Financials,NYSE,United States,0.06
555,SONO,SONOS,Consumer Discretionary,NASDAQ,United States,0.06
556,BBUC,BROOKFIELD BUSINESS CORP CLASS A,Industrials,NYSE,Canada,0.06
557,DXC,DXC TECHNOLOGY,Information Technology,NYSE,United States,0.06
558,NSP,INSPERITY,Industrials,NYSE,United States,0.06
559,INOD,INNODATA,Industrials,NASDAQ,United States,0.06
560,VRDN,VIRIDIAN THERAPEUTICS ORS INC,Health Care,NASDAQ,United States,0.06
561,JBLU,JETBLUE AIRWAYS,Industrials,NASDAQ,United States,0.06
562,BHVN,BIOHAVEN,Health Care,NYSE,United States,0.06
563,SHO,SUNSTONE HOTEL INVESTORS REIT INC,Real Estate,NYSE,United States,0.06
564,AGIO,AGIOS PHARMACEUTICALS,Health Care,NASDAQ,United States,0.06
565,TNET,TRINET GROUPINARY,Industrials,NYSE,United States,0.06
566,TALO,TALOS ENERGY,Energy,NYSE,United States,0.06
567,NN,NEXTNAV,Information Technology,NASDAQ,United States,0.06
568,ATEN,A10 NETWORKS INC,Information Technology,NYSE,United States,0.06
569,HE,HAWAIIAN ELECTRIC INDUSTRIES,Utilities,NYSE,United States,0.06
570,KEEL,KEEL INFRASTRUCTURE CORP,Information Technology,NASDAQ,Canada,0.06
571,PLAB,PHOTRONICS,Information Technology,NASDAQ,United States,0.06
572,NNI,NELNET CLASS A,Financials,NYSE,United States,0.06
573,PEB,PEBBLEBROOK HOTEL TRUST REIT,Real Estate,NYSE,United States,0.06
574,PRDO,PERDOCEO EDUCATION,Consumer Discretionary,NASDAQ,United States,0.06
575,LTC,LTC PROPERTIES REIT,Real Estate,NYSE,United States,0.06
576,ZD,ZIFF DAVIS INC,Communication,NASDAQ,United States,0.06
577,GABC,GERMAN AMERICAN BANCORP INC,Financials,NASDAQ,United States,0.06
578,ALMS,ALUMIS,Health Care,NASDAQ,United States,0.06
579,TRVI,TREVI THERAPEUTICS,Health Care,NASDAQ,United States,0.06
580,GTY,GETTY REALTY REIT,Real Estate,NYSE,United States,0.06
581,CLOV,CLOVER HEALTH INVESTMENTS CLASS A,Health Care,NASDAQ,United States,0.06
582,SRPT,SAREPTA THERAPEUTICS,Health Care,NASDAQ,United States,0.06
583,GNL,GLOBAL NET LEASE INC,Real Estate,NYSE,United States,0.06
584,PRGS,PROGRESS SOFTWARE CORP,Information Technology,NASDAQ,United States,0.06
585,CRVL,CORVEL,Health Care,NASDAQ,United States,0.06
586,EPAC,ENERPAC TOOL GROUP CLASS A,Industrials,NYSE,United States,0.06
587,GENI,GENIUS SPORTS LTD,Consumer Discretionary,NYSE,United Kingdom,0.06
588,NBHC,NATIONAL BANK HOLDINGS CORP CLASS,Financials,NYSE,United States,0.06
589,MBC,MASTERBRAND,Industrials,NYSE,United States,0.06
590,DHC,DIVERSIFIED HEALTHCARE TRUST,Real Estate,NASDAQ,United States,0.06
591,SMA,SMARTSTOP SELF STORAGE REIT INC,Real Estate,NYSE,United States,0.06
592,PAYO,PAYONEER GLOBAL INC,Financials,NASDAQ,United States,0.06
593,DV,DOUBLEVERIFY HOLDINGS,Communication,NYSE,United States,0.06
594,WKC,WORLD KINECT,Energy,NYSE,United States,0.06
595,CENTA,CENTRAL GARDEN AND PET CLASS A,Consumer Staples,NASDAQ,United States,0.06
596,CPRI,CAPRI HOLDINGS LTD,Consumer Discretionary,NYSE,United States,0.06
597,NVCR,NOVOCURE,Health Care,NASDAQ,United States,0.06
598,AIN,ALBANY INTERNATIONAL CORP CLASS A,Industrials,NYSE,United States,0.06
599,BFLY,BUTTERFLY NETWORK CLASS A,Health Care,NYSE,United States,0.06
600,CASH,PATHWARD FINANCIAL INC,Financials,NASDAQ,United States,0.06
601,VERA,VERA THERAPEUTICS CLASS A,Health Care,NASDAQ,United States,0.06
602,STRA,STRATEGIC EDUCATION,Consumer Discretionary,NASDAQ,United States,0.06
603,CCS,CENTURY COMMUNITIES INC,Consumer Discretionary,NYSE,United States,0.06
604,TIC,TIC SOLUTIONS INC,Industrials,NYSE,United States,0.06
605,WOR,WORTHINGTON ENTERPRISES,Industrials,NYSE,United States,0.06
606,QUBT,QUANTUM COMPUTING,Information Technology,NASDAQ,United States,0.06
607,TFIN,TRIUMPH FINANCIAL,Financials,NYSE,United States,0.06
608,PRGO,PERRIGO PLC,Health Care,NYSE,United States,0.06
609,AUPH,AURINIA PHARMACEUTICALS INC,Health Care,NASDAQ,United States,0.06
610,PGNY,PROGYNY,Health Care,NASDAQ,United States,0.06
611,GLOB,GLOBANT,Information Technology,NYSE,United States,0.06
612,XHR,XENIA HOTELS RESORTS REIT,Real Estate,NYSE,United States,0.06
613,LMAT,LEMAITRE VASCULAR,Health Care,NASDAQ,United States,0.06
614,STBA,S AND T BANCORP INC,Financials,NASDAQ,United States,0.06
615,QCRH,QCR HOLDINGS INC,Financials,NASDAQ,United States,0.06
616,CTS,CTS CORP,Information Technology,NYSE,United States,0.06
617,FA,FIRST ADVANTAGE,Industrials,NASDAQ,United States,0.06
618,ADIG,ADI GLOBAL DISTRIBUTION,Information Technology,NYSE,United States,0.06
619,HOPE,HOPE BANCORP INC,Financials,NASDAQ,United States,0.05
620,SPNT,SIRIUSPOINT LTD,Financials,NYSE,United States,0.05
621,GT,GOODYEAR TIRE & RUBBER,Consumer Discretionary,NASDAQ,United States,0.05
622,HLMN,HILLMAN SOLUTIONS CORP,Industrials,NASDAQ,United States,0.05
623,HUN,HUNTSMAN CORP,Materials,NYSE,United States,0.05
624,PRG,PROG HOLDINGS INC,Financials,NYSE,United States,0.05
625,LIND,LINDBLAD EXPEDITIONS HOLDINGS,Consumer Discretionary,NASDAQ,United States,0.05
626,LPG,DORIAN LPG,Energy,NYSE,United States,0.05
627,ALG,ALAMO GROUP,Industrials,NYSE,United States,0.05
628,HRMY,HARMONY BIOSCIENCES HLDG,Health Care,NASDAQ,United States,0.05
629,ASTH,ASTRANA HEALTH,Health Care,NASDAQ,United States,0.05
630,OMCL,OMNICELL INC,Health Care,NASDAQ,United States,0.05
631,TCBK,TRICO BANCSHARES,Financials,NASDAQ,United States,0.05
632,STUB,STUBHUB HOLDINGS INC CLASS A,Communication,NYSE,United States,0.05
633,GRC,GORMAN-RUPP,Industrials,NYSE,United States,0.05
634,FTRE,FORTREA HOLDINGS INC,Health Care,NASDAQ,United States,0.05
635,DBD,DIEBOLD NIXDORF INC,Information Technology,NYSE,United States,0.05
636,PVLA,PALVELLA THERAPEUTICS INC,Health Care,NASDAQ,United States,0.05
637,BLX,BLADEX INC CLASS E,Financials,NYSE,Panama,0.05
638,STOK,STOKE THERAPEUTICS,Health Care,NASDAQ,United States,0.05
639,SNDX,SYNDAX PHARMACEUTICALS,Health Care,NASDAQ,United States,0.05
640,LZB,LA-Z-BOY INC,Consumer Discretionary,NYSE,United States,0.05
641,DCOM,DIME COMMERCIAL BANCSHARES,Financials,NYSE,United States,0.05
642,HG,HAMILTON INSURANCE GROUP CLASS B,Financials,NYSE,United States,0.05
643,EFC,ELLINGTON FINANCIAL,Financials,NYSE,United States,0.05
644,BLKB,BLACKBAUD,Information Technology,NASDAQ,United States,0.05
645,INSP,INSPIRE MEDICAL SYSTEMS,Health Care,NYSE,United States,0.05
646,HTH,HILLTOP HOLDINGS,Financials,NYSE,United States,0.05
647,IIPR,INNOVATIVE INDUSTRIAL PROPERTIES I,Real Estate,NYSE,United States,0.05
648,RXRX,RECURSION PHARMACEUTICALS CLASS A,Health Care,NASDAQ,United States,0.05
649,PDFS,PDF SOLUTIONS,Information Technology,NASDAQ,United States,0.05
650,AMR,ALPHA METALLURGICAL RESOURCE,Materials,NYSE,United States,0.05
651,CMPR,CIMPRESS PLC,Industrials,NASDAQ,United States,0.05
652,UNIT,UNITI GROUP INC,Communication,NASDAQ,United States,0.05
653,SRCE,1ST SOURCE CORP,Financials,NASDAQ,United States,0.05
654,PRCH,PORCH GROUP INC,Financials,NASDAQ,United States,0.05
655,MLKN,MILLERKNOLL,Industrials,NASDAQ,United States,0.05
656,WWW,WOLVERINE WORLD WIDE,Consumer Discretionary,NYSE,United States,0.05
657,BFC,BANK FIRST CORP,Financials,NASDAQ,United States,0.05
658,AMPX,AMPRIUS TECHNOLOGIES INC,Industrials,NYSE,United States,0.05
659,ICFI,ICF INTERNATIONAL,Industrials,NASDAQ,United States,0.05
660,TPB,TURNING POINT BRANDS INC,Consumer Staples,NYSE,United States,0.05
661,AMC,AMC ENTERTAINMENT HOLDINGS INC CLA,Communication,NYSE,United States,0.05
662,ALNT,ALLIENT INC,Industrials,NASDAQ,United States,0.05
663,CNOB,CONNECTONE BANCORP,Financials,NASDAQ,United States,0.05
664,SBH,SALLY BEAUTY HOLDINGS INC,Consumer Discretionary,NYSE,United States,0.05
665,DCH,DAUCH CORPORATION,Consumer Discretionary,NYSE,United States,0.05
666,OBK,ORIGIN BANCORP INC,Financials,NYSE,United States,0.05
667,BBAI,BIGBEAR.AI HOLDINGS,Information Technology,NYSE,United States,0.05
668,ADNT,ADIENT PLC,Consumer Discretionary,NYSE,United States,0.05
669,TNDM,TANDEM DIABETES CARE,Health Care,NASDAQ,United States,0.05
670,FUN,SIX FLAGS ENTERTAINMENT CORP,Consumer Discretionary,NYSE,United States,0.05
671,DMRA,DAMORA THERAPEUTICS INC,Health Care,NASDAQ,United States,0.05
672,BAND,BANDWIDTH CLASS A,Communication,NASDAQ,United States,0.05
673,XNCR,XENCOR,Health Care,NASDAQ,United States,0.05
674,OCFC,OCEANFIRST FINANCIAL CORP,Financials,NASDAQ,United States,0.05
675,NTLA,INTELLIA THERAPEUTICS,Health Care,NASDAQ,United States,0.05
676,WGS,GENEDX HOLDINGS CLASS A,Health Care,NASDAQ,United States,0.05
677,KOD,KODIAK SCIENCES,Health Care,NASDAQ,United States,0.05
678,GSHD,GOOSEHEAD INSURANCE CLASS A,Financials,NASDAQ,United States,0.05
679,LOB,LIVE OAK BANCSHARES,Financials,NYSE,United States,0.05
680,BL,BLACKLINE INC,Information Technology,NASDAQ,United States,0.05
681,INVA,INNOVIVA,Health Care,NASDAQ,United States,0.05
682,XPRO,EXPRO LTD,Energy,NYSE,United States,0.05
683,PEBO,PEOPLES BANCORP INC,Financials,NASDAQ,United States,0.05
684,SAFT,SAFETY INSURANCE GROUP INC,Financials,NASDAQ,United States,0.05
685,ARLO,ARLO TECHNOLOGIES,Information Technology,NYSE,United States,0.05
686,CNMD,CONMED CORP,Health Care,NYSE,United States,0.05
687,NUVB,NUVATION BIO CLASS A,Health Care,NYSE,United States,0.05
688,KMPR,KEMPER,Financials,NYSE,United States,0.05
689,ACT,ENACT HOLDINGS INC,Financials,NASDAQ,United States,0.05
690,ANIP,ANI PHARMACEUTICALS,Health Care,NASDAQ,United States,0.05
691,EYE,NATIONAL VISION HOLDINGS,Consumer Discretionary,NASDAQ,United States,0.05
692,LKFN,LAKELAND FINANCIAL CORP,Financials,NASDAQ,United States,0.05
693,PAGS,PAGSEGURO DIGITAL LTD CLASS A,Financials,NYSE,Brazil,0.05
694,MCRI,MONARCH CASINO AND RESORT,Consumer Discretionary,NASDAQ,United States,0.05
695,MLYS,MINERALYS THERAPEUTICS,Health Care,NASDAQ,United States,0.05
696,KOS,KOSMOS ENERGY,Energy,NYSE,United States,0.05
697,SFL,SFL,Energy,NYSE,United States,0.05
698,ENOV,ENOVIS CORP,Health Care,NYSE,United States,0.05
699,PBI,PITNEY BOWES,Industrials,NYSE,United States,0.05
700,DEI,DOUGLAS EMMETT REIT,Real Estate,NYSE,United States,0.05
701,BLFS,BIOLIFE SOLUTIONS,Health Care,NASDAQ,United States,0.05
702,AMSC,AMERICAN SUPERCONDUCTOR CORP,Industrials,NASDAQ,United States,0.05
703,APPN,APPIAN CORP CLASS A,Information Technology,NASDAQ,United States,0.05
704,HCSG,HEALTHCARE SERVICES GROUP,Industrials,NASDAQ,United States,0.05
705,ROCK,GIBRALTAR INDUSTRIES,Industrials,NASDAQ,United States,0.05
706,WD,WALKER & DUNLOP INC,Financials,NYSE,United States,0.05
707,FBRX,FORTE BIOSCIENCES INC,Health Care,NASDAQ,United States,0.05
708,MQ,MARQETA CLASS A,Financials,NASDAQ,United States,0.05
709,HLIT,HARMONIC,Information Technology,NASDAQ,United States,0.05
710,BKE,BUCKLE,Consumer Discretionary,NYSE,United States,0.05
711,RAPP,RAPPORT THERAPEUTICS,Health Care,NASDAQ,United States,0.05
712,HYMC,HYCROFT MINING HOLDING CORP CLASS,Materials,NASDAQ,United States,0.05
713,EOSE,EOS ENERGY ENTERPRISES CLASS A,Industrials,NASDAQ,United States,0.04
714,SLDE,SLIDE INSURANCE HOLDINGS,Financials,NASDAQ,United States,0.04
715,SCL,STEPAN,Materials,NYSE,United States,0.04
716,TSHA,TAYSHA GENE THERAPIES,Health Care,NASDAQ,United States,0.04
717,FLO,FLOWERS FOODS INC,Consumer Staples,NYSE,United States,0.04
718,APPS,DIGITAL TURBINE,Information Technology,NASDAQ,United States,0.04
719,INFQ,INFLEQTION INC,Information Technology,NYSE,United States,0.04
720,AZTA,AZENTA,Health Care,NASDAQ,United States,0.04
721,CRI,CARTERS,Consumer Discretionary,NYSE,United States,0.04
722,SAM,BOSTON BEER CLASS A,Consumer Staples,NYSE,United States,0.04
723,GBX,GREENBRIER INC,Industrials,NYSE,United States,0.04
724,XERS,XERIS BIOPHARMA HOLDINGS,Health Care,NASDAQ,United States,0.04
725,ENR,ENERGIZER HOLDINGS INC,Consumer Staples,NYSE,United States,0.04
726,HLX,HELIX ENERGY SOLUTIONS GROUP INC,Energy,NYSE,United States,0.04
727,MBIN,MERCHANTS BANCORP,Financials,NASDAQ,United States,0.04
728,FIGS,FIGS CLASS A,Consumer Discretionary,NYSE,United States,0.04
729,EFOR,EVERFORTH INC,Information Technology,NYSE,United States,0.04
730,WEN,WENDYS,Consumer Discretionary,NASDAQ,United States,0.04
731,RLJ,RLJ LODGING TRUST REIT,Real Estate,NYSE,United States,0.04
732,TMP,TOMPKINS FINANCIAL CORP,Financials,Nyse Mkt Llc,United States,0.04
733,ALKT,ALKAMI TECHNOLOGY,Information Technology,NASDAQ,United States,0.04
734,INVX,INNOVEX INTERNATIONAL INC,Energy,NYSE,United States,0.04
735,JJSF,J AND J SNACK FOODS CORP,Consumer Staples,NASDAQ,United States,0.04
736,SHLS,SHOALS TECHNOLOGIES GROUP CLASS A,Industrials,NASDAQ,United States,0.04
737,THRM,GENTHERM,Consumer Discretionary,NASDAQ,United States,0.04
738,WABC,WESTAMERICA BANCORPORATION,Financials,NASDAQ,United States,0.04
739,AI,C3 AI INC CLASS A,Information Technology,NYSE,United States,0.04
740,VIA,VIA TRANSPORTATION CLASS A,Information Technology,NYSE,United States,0.04
741,UMH,UMH PROPERTIES INC,Real Estate,NYSE,United States,0.04
742,GCT,GIGACLOUD TECHNOLOGY INC CLASS A,Consumer Discretionary,NASDAQ,United States,0.04
743,ORC,ORCHID ISLAND CAPITAL INC,Financials,NYSE,United States,0.04
744,ACVA,ACV AUCTIONS CLASS A,Industrials,NYSE,United States,0.04
745,NAT,NORDIC AMERICAN TANKERS LTD,Energy,NYSE,United States,0.04
746,DLO,DLOCAL CLASS A,Financials,NASDAQ,United States,0.04
747,AMN,AMN HEALTHCARE,Health Care,NYSE,United States,0.04
748,EPC,EDGEWELL PERSONAL CARE,Consumer Staples,NYSE,United States,0.04
749,DJT,TRUMP MEDIA TECHNOLOGY GROUP CORP,Communication,NASDAQ,United States,0.04
750,CBRL,CRACKER BARREL OLD COUNTRY STORE I,Consumer Discretionary,NASDAQ,United States,0.04
751,LEG,LEGGETT & PLATT,Consumer Discretionary,NYSE,United States,0.04
752,IMKTA,INGLES MARKETS CLASS A,Consumer Staples,NASDAQ,United States,0.04
753,SLVM,SYLVAMO CORP,Materials,NYSE,United States,0.04
754,NBR,NABORS INDUSTRIES,Energy,NYSE,United States,0.04
755,CTBI,COMMUNITY TRUST BANCORP,Financials,NASDAQ,United States,0.04
756,NSSC,NAPCO SECURITY TECHNOLOGIES,Information Technology,NASDAQ,United States,0.04
757,XPEL,XPEL,Consumer Discretionary,NASDAQ,United States,0.04
758,PNTG,PENNANT GROUP,Health Care,NASDAQ,United States,0.04
759,ABSI,ABSCI CORP,Health Care,NASDAQ,United States,0.04
760,RYZ,RYERSON HOLDING,Materials,NYSE,United States,0.04
761,BRBR,BELLRING BRANDS,Consumer Staples,NYSE,United States,0.04
762,AMPL,AMPLITUDE CLASS A,Information Technology,NASDAQ,United States,0.04
763,AORT,ARTIVION INC,Health Care,NYSE,United States,0.04
764,BJRI,BJS RESTAURANTS INC,Consumer Discretionary,NASDAQ,United States,0.04
765,TWO,TWO HARBORS INVESTMENT,Financials,NYSE,United States,0.04
766,YELP,YELP,Communication,NYSE,United States,0.04
767,FMC,FMC CORP,Materials,NYSE,United States,0.04
768,OSBC,OLD SECOND BANCORP INC,Financials,NASDAQ,United States,0.04
769,USLM,UNITED STATES LIME AND MINERALS IN,Materials,NASDAQ,United States,0.04
770,COUR,COURSERA,Consumer Discretionary,NYSE,United States,0.04
771,PWP,PERELLA WEINBERG PARTNERS CLASS A,Financials,NASDAQ,United States,0.04
772,TDOC,TELADOC HEALTH INC,Health Care,NYSE,United States,0.04
773,WS,WORTHINGTON STEEL INC,Materials,NYSE,United States,0.04
774,REX,REX AMERICAN RESOURCES,Energy,NYSE,United States,0.04
775,VSTS,VESTIS,Industrials,NYSE,United States,0.04
776,FMBH,FIRST MID BANCSHARES INC,Financials,NASDAQ,United States,0.04
777,SCSC,SCANSOURCE,Information Technology,NASDAQ,United States,0.04
778,HFWA,HERITAGE FINANCIAL CORP,Financials,NASDAQ,United States,0.04
779,IE,IVANHOE ELECTRIC,Materials,Nyse Mkt Llc,United States,0.04
780,USPH,US PHYSICAL THERAPY INC,Health Care,NYSE,United States,0.04
781,HROW,HARROW,Health Care,NASDAQ,United States,0.04
782,TRIP,TRIPADVISOR,Communication,NASDAQ,United States,0.04
783,MYE,MYERS INDUSTRIES INC,Materials,NYSE,United States,0.04
784,HLF,HERBALIFE LTD,Consumer Staples,NYSE,United States,0.04
785,OMER,OMEROS,Health Care,NASDAQ,United States,0.04
786,GIII,G III APPAREL GROUP LTD,Consumer Discretionary,NASDAQ,United States,0.04
787,BW,BABCOCK AND WILCOX ENTERPRISES INC,Industrials,NYSE,United States,0.04
788,IART,INTEGRA LIFESCIENCES HOLDINGS,Health Care,NASDAQ,United States,0.04
789,PGEN,PRECIGEN,Health Care,NASDAQ,United States,0.04
790,UMAC,UNUSUAL MACHINES INC,Information Technology,Nyse Mkt Llc,United States,0.04
791,UTI,UNIVERSAL TECHNICAL INSTITUTE,Consumer Discretionary,NYSE,United States,0.04
792,WLDN,WILLDAN GROUP INC,Industrials,NASDAQ,United States,0.04
793,HOG,HARLEY DAVIDSON,Consumer Discretionary,NYSE,United States,0.04
794,BY,BYLINE BANCORP INC,Financials,NYSE,United States,0.04
795,REAL,THE REALREAL,Consumer Discretionary,NASDAQ,United States,0.04
796,NVAX,NOVAVAX,Health Care,NASDAQ,United States,0.04
797,VYX,NCR VOYIX,Information Technology,NYSE,United States,0.04
798,VTOL,BRISTOW GROUP,Energy,NYSE,United States,0.04
799,DFIN,DONNELLEY FINANCIAL SOLUTIONS,Financials,NYSE,United States,0.04
800,PRCT,PROCEPT BIOROBOTICS CORP,Health Care,NASDAQ,United States,0.04
801,PDM,PIEDMONT REALTY TRUST CLASS A,Real Estate,NYSE,United States,0.04
802,UVSP,UNIVEST FINANCIAL CORP,Financials,NASDAQ,United States,0.04
803,LGIH,LGI HOMES,Consumer Discretionary,NASDAQ,United States,0.04
804,SGRY,SURGERY PARTNERS,Health Care,NASDAQ,United States,0.04
805,BLZE,BACKBLAZE INC CLASS A,Information Technology,NASDAQ,United States,0.04
806,TNC,TENNANT,Industrials,NYSE,United States,0.04
807,REPL,REPLIMUNE GROUP,Health Care,NASDAQ,United States,0.04
808,ATEC,ALPHATEC HOLDNGS INC,Health Care,NASDAQ,United States,0.04
809,GBTG,GLOBAL BUSINESS TRAVEL GROUP CLASS,Consumer Discretionary,NYSE,United States,0.04
810,UFCS,UNITED FIRE GROUP INC,Financials,NASDAQ,United States,0.04
811,AMBQ,AMBIQ MICRO,Information Technology,NYSE,United States,0.04
812,ZYME,ZYMEWORKS,Health Care,NASDAQ,United States,0.04
813,NP,NEPTUNE INSURANCE HOLDINGS CLASS A,Financials,NYSE,United States,0.04
814,CGEM,CULLINAN THERAPEUTICS,Health Care,NASDAQ,United States,0.04
815,SBET,SHARPLINK INC,Financials,NASDAQ,United States,0.04
816,GHM,GRAHAM CORP,Industrials,NYSE,United States,0.04
817,LNN,LINDSAY,Industrials,NYSE,United States,0.04
818,ARX,ACCELERANT HOLDINGS CLASS A,Financials,NYSE,United States,0.04
819,GLUE,MONTE ROSA THERAPEUTICS,Health Care,NASDAQ,United States,0.04
820,LWLG,LIGHTWAVE LOGIC,Information Technology,NASDAQ,United States,0.04
821,FLNC,FLUENCE ENERGY INC CLASS A,Industrials,NASDAQ,United States,0.04
822,BHRB,BURKE HERBERT FINANCIAL SERVICES C,Financials,NASDAQ,United States,0.04
823,PUMP,PROPETRO HOLDING,Energy,NYSE,United States,0.04
824,AAT,AMERICAN ASSETS TRUST REIT,Real Estate,NYSE,United States,0.04
825,BRSL,BRIGHTSTAR LOTTERY PLC,Consumer Discretionary,NYSE,United States,0.04
826,UVV,UNIVERSAL,Consumer Staples,NYSE,United States,0.04
827,VRTS,VIRTUS INVESTMENT PARTNERS INC,Financials,NYSE,United States,0.04
828,BTDR,BITDEER TECHNOLOGIES GROUP CLASS A,Information Technology,NASDAQ,Singapore,0.04
829,MNKD,MANNKIND,Health Care,NASDAQ,United States,0.04
830,LADR,LADDER CAPITAL CORP CLASS A,Financials,NYSE,United States,0.04
831,QNST,QUINSTREET INC,Communication,NASDAQ,United States,0.04
832,RCAT,RED CAT HOLDINGS INC,Industrials,NASDAQ,United States,0.04
833,PLPC,PREFORMED LINE PRODUCTS,Industrials,NASDAQ,United States,0.04
834,CBL,CBL ASSOCIATES PROPERTIES,Real Estate,NYSE,United States,0.04
835,NPKI,NPK INTERNATIONAL,Industrials,NYSE,United States,0.04
836,NEXT,NEXTDECADE,Energy,NASDAQ,United States,0.04
837,AVBP,ARRIVENT BIOPHARMA,Health Care,NASDAQ,United States,0.04
838,ALH,ALLIANCE LAUNDRY HOLDINGS INC,Industrials,NYSE,United States,0.04
839,MBWM,MERCANTILE BANK CORP,Financials,NASDAQ,United States,0.03
840,AGL,AGILON HEALTH,Health Care,NYSE,United States,0.03
841,ECVT,ECOVYST,Materials,NYSE,United States,0.03
842,NWPX,NWPX INFRASTRUCTURE INC,Industrials,NASDAQ,United States,0.03
843,ANAB,ANAPTYSBIO,Health Care,NASDAQ,United States,0.03
844,DLX,DELUXE,Industrials,NYSE,United States,0.03
845,PLGO,PELAGOS INSURANCE CAPITAL LTD,Financials,NYSE,Bermuda,0.03
846,FCEL,FUELCELL ENERGY INC,Industrials,NASDAQ,United States,0.03
847,UVE,UNIVERSAL INSURANCE HOLDINGS INC,Financials,NYSE,United States,0.03
848,SNDA,SONIDA SENIOR LIVING,Health Care,NYSE,United States,0.03
849,TTI,TETRA TECHNOLOGIES,Energy,NYSE,United States,0.03
850,DEA,EASTERLY GOVERNMENT PROPERTIES INC,Real Estate,NYSE,United States,0.03
851,IDT,IDT CLASS B,Communication,NYSE,United States,0.03
852,VIR,VIR BIOTECHNOLOGY,Health Care,NASDAQ,United States,0.03
853,TRUP,TRUPANION,Financials,NASDAQ,United States,0.03
854,ETON,ETON PHARMACEUTCIALS INC,Health Care,NASDAQ,United States,0.03
855,TGLS,TECNOGLASS HOLDINGS,Industrials,NYSE,United States,0.03
856,UPBD,UPBOUND GROUP,Consumer Discretionary,NASDAQ,United States,0.03
857,DOLE,DOLE PLC,Consumer Staples,NYSE,United States,0.03
858,GPRE,GREEN PLAINS INC,Energy,NASDAQ,United States,0.03
859,MCB,METROPOLITAN BANK HOLDING CORP,Financials,NYSE,United States,0.03
860,CRAI,CRA INTERNATIONAL INC,Industrials,NASDAQ,United States,0.03
861,CVI,CVR ENERGY INC,Energy,NYSE,United States,0.03
862,BFST,BUSINESS FIRST BANCSHARES INC,Financials,NASDAQ,United States,0.03
863,MSEX,MIDDLESEX WATER,Utilities,NASDAQ,United States,0.03
864,HBNC,HORIZON BANCORP INC,Financials,NASDAQ,United States,0.03
865,UAA,UNDER ARMOUR INC CLASS A,Consumer Discretionary,NYSE,United States,0.03
866,GTM,ZOOMINFO TECHNOLOGIES,Communication,NASDAQ,United States,0.03
867,TRS,TRIMAS,Materials,NASDAQ,United States,0.03
868,CCNE,CNB FINANCIAL CORP,Financials,NASDAQ,United States,0.03
869,LILAK,LIBERTY LATIN AMERICA CLASS C,Communication,NASDAQ,United States,0.03
870,CFFN,CAPITOL FEDERAL FINANCIAL INC,Financials,NASDAQ,United States,0.03
871,CNXC,CONCENTRIX,Industrials,NASDAQ,United States,0.03
872,SDGR,SCHRODINGER INC,Health Care,NASDAQ,United States,0.03
873,OI,O I GLASS,Materials,NYSE,United States,0.03
874,CDRE,CADRE HOLDINGS INC,Industrials,NYSE,United States,0.03
875,UPWK,UPWORK,Industrials,NASDAQ,United States,0.03
876,NBN,NORTHEAST BANK,Financials,NASDAQ,United States,0.03
877,ATEX,ANTERIX INC,Communication,NASDAQ,United States,0.03
878,EYPT,EYEPOINT INC,Health Care,NASDAQ,United States,0.03
879,BCAX,BICARA THERAPEUTICS INC,Health Care,NASDAQ,United States,0.03
880,CAC,CAMDEN NATIONAL CORP,Financials,NASDAQ,United States,0.03
881,BKSY,BLACKSKY TECHNOLOGY INC CLASS A,Industrials,NYSE,United States,0.03
882,QDEL,QUIDELORTHO CORP,Health Care,NASDAQ,United States,0.03
883,UTZ,UTZ BRANDS INC CLASS A,Consumer Staples,NYSE,United States,0.03
884,CNXN,PC CONNECTION INC,Information Technology,NASDAQ,United States,0.03
885,HZO,MARINEMAX INC,Consumer Discretionary,NYSE,United States,0.03
886,THFF,FIRST FINANCIAL CORPORATION CORP,Financials,NASDAQ,United States,0.03
887,CRVS,CORVUS PHARMACEUTICALS,Health Care,NASDAQ,United States,0.03
888,TRAX,FIRST TRACKS BIOTHERAPEUTICS INC,Health Care,NASDAQ,United States,0.03
889,ORIC,ORIC PHARMACEUTICALS,Health Care,NASDAQ,United States,0.03
890,DMC,DEL MONTE,Consumer Staples,NYSE,United States,0.03
891,KFRC,KFORCE INC,Industrials,NYSE,United States,0.03
892,WINA,WINMARK,Consumer Discretionary,NASDAQ,United States,0.03
893,GO,GROCERY OUTLET HOLDING,Consumer Staples,NASDAQ,United States,0.03
894,FMNB,FARMERS NATIONAL BANC CORP,Financials,NASDAQ,United States,0.03
895,LQDT,LIQUIDITY SERVICES INC,Industrials,NASDAQ,United States,0.03
896,PCT,PURECYCLE TECHNOLOGIES,Materials,NASDAQ,United States,0.03
897,AMAL,AMALGAMATED FINANCIAL CORP,Financials,NASDAQ,United States,0.03
898,RVLV,REVOLVE GROUP CLASS A INC,Consumer Discretionary,NYSE,United States,0.03
899,CIM,CHIMERA INVESTMENT,Financials,NYSE,United States,0.03
900,SEPN,SEPTERNA,Health Care,NASDAQ,United States,0.03
901,PD,PAGERDUTY,Information Technology,NYSE,United States,0.03
902,DEC,DIVERSIFIED ENERGY COMPANY,Energy,NYSE,United States,0.03
903,LBRX,LB PHARMACEUTICALS INC,Health Care,NASDAQ,United States,0.03
904,PRSU,PURSUIT ATTRACTIONS AND HOSPITALIT,Consumer Discretionary,NYSE,United States,0.03
905,FSUN,FIRSTSUN CAPITAL BANCORP,Financials,NASDAQ,United States,0.03
906,NX,QUANEX BUILDING PRODUCTS CORP,Industrials,NYSE,United States,0.03
907,PSNL,PERSONALIS,Health Care,NASDAQ,United States,0.03
908,ASTE,ASTEC INDUSTRIES,Industrials,NASDAQ,United States,0.03
909,PMT,PENNYMAC MORTGAGE INVESTMENT TRUST,Financials,NYSE,United States,0.03
910,PLOW,DOUGLAS DYNAMICS INC,Industrials,NYSE,United States,0.03
911,SMP,STANDARD MOTOR PRODUCTS INC,Consumer Discretionary,NYSE,United States,0.03
912,AIP,ARTERIS INC,Information Technology,NASDAQ,United States,0.03
913,STGW,STAGWELL CLASS A,Communication,NASDAQ,United States,0.03
914,MAZE,MAZE THERAPEUTICS,Health Care,NASDAQ,United States,0.03
915,AESI,ATLAS ENERGY SOLUTIONS,Energy,NYSE,United States,0.03
916,VERX,VERTEX INC CLASS A,Information Technology,NASDAQ,United States,0.03
917,COTY,COTY INC CLASS A,Consumer Staples,NYSE,United States,0.03
918,CRK,COMSTOCK RESOURCES,Energy,NYSE,United States,0.03
919,ESQ,ESQUIRE FINANCIAL HOLDINGS INC,Financials,NASDAQ,United States,0.03
920,SBSI,SOUTHSIDE BANCSHARES INC,Financials,NYSE,United States,0.03
921,SAH,SONIC AUTOMOTIVE INC CLASS A,Consumer Discretionary,NYSE,United States,0.03
922,BORR,BORR DRILLING,Energy,NYSE,Norway,0.03
923,SVC,SERVICE PROPERTIES TRUST,Real Estate,NASDAQ,United States,0.03
924,CSR,CENTERSPACE,Real Estate,NYSE,United States,0.03
925,ARDX,ARDELYX,Health Care,NASDAQ,United States,0.03
926,AMTB,AMERANT BANCORP CLASS A,Financials,NYSE,United States,0.03
927,TRST,TRUSTCO BANK CORP,Financials,NASDAQ,United States,0.03
928,MUX,MCEWEN INC,Materials,NYSE,United States,0.03
929,FLNG,FLEX LNG,Energy,NYSE,Norway,0.03
930,ASAN,ASANA CLASS A,Information Technology,NYSE,United States,0.03
931,UTL,UNITIL CORP,Utilities,NYSE,United States,0.03
932,VOR,VOR BIOPHARMA,Health Care,NASDAQ,United States,0.03
933,CERT,CERTARA,Health Care,NASDAQ,United States,0.03
934,LIF,LIFE360,Information Technology,NASDAQ,United States,0.03
935,NUTX,NUTEX HEALTH INC,Health Care,NASDAQ,United States,0.03
936,EVLV,EVOLV TECHNOLOGIES HOLDINGS CLASS,Information Technology,NASDAQ,United States,0.03
937,SMPL,THE SIMPLY GOOD FOODS COMPANY,Consumer Staples,NASDAQ,United States,0.03
938,MFA,MFA FINANCIAL,Financials,NYSE,United States,0.03
939,BLMN,BLOOMIN BRANDS INC,Consumer Discretionary,NASDAQ,United States,0.03
940,TDAY,USA TODAY INC,Communication,NYSE,United States,0.03
941,FG,F&G ANNUITIES AND LIFE INC,Financials,NYSE,United States,0.03
942,RPD,RAPID7,Information Technology,NASDAQ,United States,0.03
943,COLL,COLLEGIUM PHARMACEUTICAL INC,Health Care,NASDAQ,United States,0.03
944,HAFC,HANMI FINANCIAL CORP,Financials,NASDAQ,United States,0.03
945,BUR,BURFORD CAPITAL LTD,Financials,NYSE,United States,0.03
946,INBX,INHIBRX BIOSCIENCES INC,Health Care,NASDAQ,United States,0.03
947,PCRX,PACIRA BIOSCIENCES,Health Care,NASDAQ,United States,0.03
948,WGO,WINNEBAGO INDUSTRIES INC,Consumer Discretionary,NYSE,United States,0.03
949,CSTL,CASTLE BIOSCIENCES,Health Care,NASDAQ,United States,0.03
950,WOLF,WOLFSPEED INC,Information Technology,NYSE,United States,0.03
951,TYRA,TYRA BIOSCIENCES,Health Care,NASDAQ,United States,0.03
952,CCO,CLEAR CHANNEL OUTDOOR HOLDINGS INC,Communication,NYSE,United States,0.03
953,AMRC,AMERESCO INC CLASS A,Industrials,NYSE,United States,0.03
954,NBBK,NB BANCORP INC,Financials,NASDAQ,United States,0.03
955,LINC,LINCOLN EDUCATIONAL SERVICES CORP,Consumer Discretionary,NASDAQ,United States,0.03
956,APOG,APOGEE ENTERPRISES INC,Industrials,NASDAQ,United States,0.03
957,FOXF,FOX FACTORY HOLDING,Consumer Discretionary,NASDAQ,United States,0.03
958,EIG,EMPLOYERS HOLDINGS,Financials,NYSE,United States,0.03
959,UA,UNDER ARMOUR INC CLASS C,Consumer Discretionary,NYSE,United States,0.03
960,WMK,WEIS MARKETS,Consumer Staples,NYSE,United States,0.03
961,FISI,FINANCIAL INSTITUTIONS INC,Financials,NASDAQ,United States,0.03
962,NNE,NANO NUCLEAR ENERGY,Industrials,NASDAQ,United States,0.03
963,MRTN,MARTEN TRANSPORT,Industrials,NASDAQ,United States,0.03
964,SAFE,SAFEHOLD INC,Real Estate,NYSE,United States,0.03
965,AVAH,AVEANNA HEALTHCARE HOLDINGS INC,Health Care,NASDAQ,United States,0.03
966,PRKS,UNITED PARKS AND RESORTS INC,Consumer Discretionary,NYSE,United States,0.03
967,EQBK,EQUITY BANCSHARES INC CLASS A,Financials,NYSE,United States,0.03
968,INDI,INDIE SEMICONDUCTOR INC CLASS A,Information Technology,NASDAQ,United States,0.03
969,BETA,BETA TECHNOLOGIES CLASS A,Industrials,NYSE,United States,0.03
970,TRNS,TRANSCAT,Industrials,NASDAQ,United States,0.03
971,SENEA,SENECA FOODS CLASS A,Consumer Staples,NASDAQ,United States,0.03
972,GOLD,GOLD INC,Consumer Discretionary,NYSE,United States,0.03
973,FET,FORUM ENERGY TECHNOLOGIES INC,Energy,NYSE,United States,0.03
974,ORRF,ORRSTOWN FINANCIAL SERVICES INC,Financials,NASDAQ,United States,0.03
975,CPF,CENTRAL PACIFIC FINANCIAL CORP,Financials,NYSE,United States,0.03
976,ENVX,ENOVIX,Industrials,NASDAQ,United States,0.03
977,OMDA,OMADA HEALTH,Health Care,NASDAQ,United States,0.03
978,PURR,HYPERLIQUID STRATEGIES INC,Health Care,NASDAQ,United States,0.03
979,ODC,OIL DRI CORPORATION OF AMERICA,Consumer Staples,NYSE,United States,0.03
980,EE,EXCELERATE ENERGY INC CLASS A,Energy,NYSE,United States,0.03
981,GCMG,GCM GROSVENOR CLASS A,Financials,NASDAQ,United States,0.03
982,MITK,MITEK SYSTEMS INC,Information Technology,NASDAQ,United States,0.03
983,ADAM,ADAMAS,Financials,NASDAQ,United States,0.03
984,STAA,STAAR SURGICAL,Health Care,NASDAQ,United States,0.03
985,KURA,KURA ONCOLOGY,Health Care,NASDAQ,United States,0.03
986,MCBS,METROCITY BANKSHARES INC,Financials,NASDAQ,United States,0.03
987,RUM,RUM GROUP CLASS A,Communication,NASDAQ,United States,0.03
988,GERN,GERON,Health Care,NASDAQ,United States,0.03
989,KOPN,KOPIN CORP,Information Technology,NASDAQ,United States,0.03
990,GNK,GENCO SHIPPING AND TRADING,Industrials,NYSE,United States,0.03
991,CODI,COMPASS DIVERSIFIED,Financials,NYSE,United States,0.03
992,KOP,KOPPERS HOLDINGS INC,Materials,NYSE,United States,0.03
993,RBCAA,REPUBLIC BANCORP INC CLASS A,Financials,NASDAQ,United States,0.03
994,CEVA,CEVA INC,Information Technology,NASDAQ,United States,0.03
995,TE,T1 ENERGY,Information Technology,NYSE,United States,0.03
996,HRTG,HERITAGE INSURANCE HOLDINGS INC,Financials,NYSE,United States,0.03
997,LCID,LUCID GROUP,Consumer Discretionary,NASDAQ,United States,0.03
998,RDVT,RED VIOLET INC,Information Technology,NASDAQ,United States,0.03
999,CMP,COMPASS MINERALS INTERNATIONAL,Materials,NYSE,United States,0.03
1000,PLSE,PULSE BIOSCIENCES INC,Health Care,NASDAQ,United States,0.03
1001,GLIBK,LIBERTY CAPITAL CORP SERIES C,Communication,NASDAQ,United States,0.03
1002,ZBIO,ZENAS BIOPHARMA,Health Care,NASDAQ,United States,0.03
1003,ANRO,ALTO NEUROSCIENCE INC,Health Care,NYSE,United States,0.03
1004,VPG,VISHAY PRECISION GROUP,Information Technology,NYSE,United States,0.03
1005,BKV,BKV,Energy,NYSE,United States,0.03
1006,SIBN,SI BONE,Health Care,NASDAQ,United States,0.03
1007,EGBN,EAGLE BANCORP,Financials,NASDAQ,United States,0.03
1008,OLMA,OLEMA PHARMACEUTICALS,Health Care,NASDAQ,United States,0.03
1009,APEI,AMERICAN PUBLIC EDUCATION,Consumer Discretionary,NASDAQ,United States,0.03
1010,BV,BRIGHTVIEW HOLDINGS,Industrials,NYSE,United States,0.03
1011,ALRS,ALERUS FINANCIAL CORP,Financials,NASDAQ,United States,0.03
1012,ANNX,ANNEXON,Health Care,NASDAQ,United States,0.03
1013,LYTS,LSI INDUSTRIES INC,Industrials,NASDAQ,United States,0.03
1014,MPB,MID PENN BANCORP INC,Financials,NASDAQ,United States,0.03
1015,AVTX,AVALO THERAPEUTICS INC,Health Care,NASDAQ,United States,0.03
1016,DJCO,DAILY JOURNAL,Information Technology,NASDAQ,United States,0.03
1017,FCBC,FIRST COMMUNITY BANKSHARES INC,Financials,NASDAQ,United States,0.03
1018,SMBK,SMARTFINANCIAL INC,Financials,NYSE,United States,0.03
1019,SHBI,SHORE BANCSHARES INC,Financials,NASDAQ,United States,0.03
1020,BZH,BEAZER HOMES,Consumer Discretionary,NYSE,United States,0.03
1021,PZZA,PAPA JOHNS INTERNATIONAL INC,Consumer Discretionary,NASDAQ,United States,0.03
1022,KLRA,KAILERA THERAPEUTICS INC,Health Care,NASDAQ,United States,0.03
1023,DAKT,DAKTRONICS INC,Information Technology,NASDAQ,United States,0.03
1024,SVRA,SAVARA,Health Care,NASDAQ,United States,0.03
1025,ASST,STRIVE INC CLASS A,Health Care,NASDAQ,United States,0.03
1026,FLOC,FLOWCO HOLDINGS CLASS A,Energy,NYSE,United States,0.03
1027,ABR,ARBOR REALTY TRUST REIT,Financials,NYSE,United States,0.02
1028,CASS,CASS INFORMATION SYSTEMS INC,Financials,NASDAQ,United States,0.02
1029,SXC,SUNCOKE ENERGY INC,Materials,NYSE,United States,0.02
1030,FSBC,FIVE STAR BANCORP,Financials,NASDAQ,United States,0.02
1031,FWRG,FIRST WATCH RESTAURANT GROUP,Consumer Discretionary,NASDAQ,United States,0.02
1032,WASH,WASHINGTON TRUST BANCORP INC,Financials,NASDAQ,United States,0.02
1033,MTUS,METALLUS INC,Materials,NYSE,United States,0.02
1034,BBSI,BARRETT BUSINESS SERVICES INC,Industrials,NASDAQ,United States,0.02
1035,HPP,HUDSON PACIFIC PROPERTIES REIT,Real Estate,NYSE,United States,0.02
1036,PRAA,PRA GROUP INC,Financials,NASDAQ,United States,0.02
1037,DRVN,DRIVEN BRANDS HOLDINGS,Consumer Discretionary,NASDAQ,United States,0.02
1038,JBIO,JADE BIOSCIENCES INC,Health Care,NASDAQ,United States,0.02
1039,VREX,VAREX IMAGING,Health Care,NASDAQ,United States,0.02
1040,PAR,PAR TECHNOLOGY,Information Technology,NYSE,United States,0.02
1041,CXM,SPRINKLR CLASS A,Information Technology,NYSE,United States,0.02
1042,PGC,PEAPACK GLADSTONE FINANCIAL CORP,Financials,NASDAQ,United States,0.02
1043,GDOT,GREEN DOT CLASS A,Financials,NYSE,United States,0.02
1044,PAX,PATRIA INVESTMENTS LTD CLASS A,Financials,NASDAQ,Brazil,0.02
1045,SABR,SABRE,Consumer Discretionary,NASDAQ,United States,0.02
1046,AOSL,ALPHA AND OMEGA SEMICONDUCTOR,Information Technology,NASDAQ,United States,0.02
1047,RUSHB,RUSH ENTERPRISES CLASS B,Industrials,NASDAQ,United States,0.02
1048,TALK,TALKSPACE,Health Care,NASDAQ,United States,0.02
1049,SMBC,SOUTHERN MISSOURI BANCORP INC,Financials,NASDAQ,United States,0.02
1050,CARE,CARTER BANKSHARES INC,Financials,NASDAQ,United States,0.02
1051,MGTX,MEIRAGTX HOLDINGS PLC,Health Care,NASDAQ,United States,0.02
1052,RIGL,RIGEL PHARMACEUTICALS,Health Care,NASDAQ,United States,0.02
1053,IBCP,INDEPENDENT BANK CORP,Financials,NASDAQ,United States,0.02
1054,CCBG,CAPITAL CITY BANK INC,Financials,NASDAQ,United States,0.02
1055,HTB,HOMETRUST BANCSHARES INC,Financials,NYSE,United States,0.02
1056,NVGS,NAVIGATOR HOLDINGS,Energy,NYSE,United Kingdom,0.02
1057,PTRN,PATTERN GROUP SERIES A,Consumer Discretionary,NASDAQ,United States,0.02
1058,CYRX,CRYOPORT,Health Care,NASDAQ,United States,0.02
1059,CSIQ,CANADIAN SOLAR,Information Technology,NASDAQ,China,0.02
1060,PFBC,PREFERRED BANK,Financials,NASDAQ,United States,0.02
1061,CADL,CANDEL THERAPEUTICS INC,Health Care,NASDAQ,United States,0.02
1062,FIZZ,NATIONAL BEVERAGE,Consumer Staples,NASDAQ,United States,0.02
1063,MTW,MANITOWOC INC,Industrials,NYSE,United States,0.02
1064,ARRY,ARRAY TECHNOLOGIES INC,Industrials,NASDAQ,United States,0.02
1065,CTO,CTO REALTY GROWTH INC,Real Estate,NYSE,United States,0.02
1066,AVO,MISSION PRODUCE INC,Consumer Staples,NASDAQ,United States,0.02
1067,KMTS,KESTRA MEDICAL TECHNOLOGIES,Health Care,NASDAQ,United States,0.02
1068,AMBP,ARDAGH METAL PACKAGING SA,Materials,NYSE,United States,0.02
1069,BBNX,BETA BIONICS INC,Health Care,NASDAQ,United States,0.02
1070,BHB,BAR HARBOR BANKSHARES,Financials,Nyse Mkt Llc,United States,0.02
1071,NPK,NATIONAL PRESTO INDUSTRIES INC,Industrials,NYSE,United States,0.02
1072,AVR,ANTERIS TECHNOLOGIES GLOBAL CORP,Health Care,NASDAQ,United States,0.02
1073,ALOY,REALLOYS INC,Materials,NASDAQ,United States,0.02
1074,VRRM,VERRA MOBILITY CLASS A,Industrials,NASDAQ,United States,0.02
1075,NB,NIOCORP DEVELOPMENTS,Materials,NASDAQ,United States,0.02
1076,MLR,MILLER INDUSTRIES INC,Industrials,NYSE,United States,0.02
1077,IRMD,IRADIMED,Health Care,NASDAQ,United States,0.02
1078,ABUS,ARBUTUS BIOPHARMA CORP,Health Care,NASDAQ,United States,0.02
1079,MMI,MARCUS & MILLICHAP INC,Real Estate,NYSE,United States,0.02
1080,LPTH,LIGHTPATH TECHNOLOGIES INC CLASS A,Information Technology,NASDAQ,United States,0.02
1081,WVE,WAVE LIFE SCIENCES INC,Health Care,NASDAQ,United States,0.02
1082,PAHC,PHIBRO ANIMAL HEALTH CORP CLASS A,Health Care,NASDAQ,United States,0.02
1083,PFIS,PEOPLES FINANCIAL SERVICES CORP,Financials,NASDAQ,United States,0.02
1084,TROX,TRONOX HOLDINGS PLC,Materials,NYSE,United States,0.02
1085,UAMY,UNITED STATES ANTIMONY CORP,Materials,NYSE,United States,0.02
1086,SLDB,SOLID BIOSCIENCES INC,Health Care,NASDAQ,United States,0.02
1087,IVR,INVESCO MORTGAGE CAPITAL REIT INC,Financials,NYSE,United States,0.02
1088,JBGS,JBG SMITH PROPERTIES,Real Estate,NYSE,United States,0.02
1089,CCSI,CONSENSUS CLOUD SOLUTIONS INC,Information Technology,NASDAQ,United States,0.02
1090,HSTM,HEALTHSTREAM,Health Care,NASDAQ,United States,0.02
1091,DC,DAKOTA GOLD CORP,Materials,Nyse Mkt Llc,United States,0.02
1092,LZ,LEGALZOOM COM,Industrials,NASDAQ,United States,0.02
1093,SPFI,SOUTH PLAINS FINANCIAL INC,Financials,NASDAQ,United States,0.02
1094,MATW,MATTHEWS INTERNATIONAL CORP CLASS,Consumer Discretionary,NASDAQ,United States,0.02
1095,TCBX,THIRD COAST BANCSHARES INC,Financials,NYSE,United States,0.02
1096,MCS,THE MARCUS CORP,Communication,NYSE,United States,0.02
1097,ESRT,EMPIRE STATE REALTY REIT CLASS A,Real Estate,NYSE,United States,0.02
1098,NHP,NATIONAL HEALTHCARE PROPERTIES CLA,Real Estate,NASDAQ,United States,0.02
1099,AROW,ARROW FINANCIAL CORP,Financials,NASDAQ,United States,0.02
1100,GRDN,GUARDIAN PHARMACY SERVICES CLASS A,Health Care,NYSE,United States,0.02
1101,HELE,HELEN OF TROY LTD,Consumer Discretionary,NASDAQ,United States,0.02
1102,JBSS,JOHN B SANFILIPPO AND SON,Consumer Staples,NASDAQ,United States,0.02
1103,ACRS,ACLARIS THERAPEUTICS,Health Care,NASDAQ,United States,0.02
1104,JANX,JANUX THERAPEUTICS,Health Care,NASDAQ,United States,0.02
1105,BXC,BLUELINX HOLDINGS,Industrials,NYSE,United States,0.02
1106,EVER,EVERQUOTE CLASS A,Communication,NASDAQ,United States,0.02
1107,ACNB,ACNB CORP,Financials,NASDAQ,United States,0.02
1108,PUBM,PUBMATIC CLASS A,Communication,NASDAQ,United States,0.02
1109,TK,TEEKAY CORPORATION CORP LTD,Energy,NYSE,Bermuda,0.02
1110,PKE,PARK AEROSPACE CORP,Industrials,NYSE,United States,0.02
1111,TBPH,THERAVANCE BIOPHARMA,Health Care,NASDAQ,United States,0.02
1112,MCHB,MECHANICS BANCORP CLASS A,Financials,NASDAQ,United States,0.02
1113,SANA,SANA BIOTECHNOLOGY INC,Health Care,NASDAQ,United States,0.02
1114,CLVT,CLARIVATE PLC,Industrials,NYSE,United States,0.02
1115,CRSR,CORSAIR GAMING INC,Information Technology,NASDAQ,United States,0.02
1116,CMRE,COSTAMARE,Industrials,NYSE,Monaco,0.02
1117,JBI,JANUS INTERNATIONAL GROUP,Industrials,NYSE,United States,0.02
1118,CCB,COASTAL FINANCIAL CORP,Financials,NASDAQ,United States,0.02
1119,TH,TARGET HOSPITALITY,Consumer Discretionary,NASDAQ,United States,0.02
1120,BVS,BIOVENTUS CLASS A,Health Care,NASDAQ,United States,0.02
1121,IRWD,IRONWOOD PHARMA CLASS A,Health Care,NASDAQ,United States,0.02
1122,KODK,EASTMAN KODAK,Information Technology,NYSE,United States,0.02
1123,MATV,MATIV HOLDINGS,Materials,NYSE,United States,0.02
1124,HIPO,HIPPO HOLDINGS,Financials,NYSE,United States,0.02
1125,GSBC,GREAT SOUTHERN BANCORP INC,Financials,NASDAQ,United States,0.02
1126,MSBI,MIDLAND STATES BANCORP INC,Financials,NASDAQ,United States,0.02
1127,MRVI,MARAVAI LIFESCIENCES HOLDINGS INC,Health Care,NASDAQ,United States,0.02
1128,SCHL,SCHOLASTIC,Communication,NASDAQ,United States,0.02
1129,ELE,ELEMENTAL ROYALTY CORP,Materials,NASDAQ,Canada,0.02
1130,AMPH,AMPHASTAR PHARMACEUTICALS,Health Care,NASDAQ,United States,0.02
1131,SHEN,SHENANDOAH TELECOMMUNICATIONS,Communication,NASDAQ,United States,0.02
1132,ZVRA,ZEVRA THERAPEUTICS INC,Health Care,NASDAQ,United States,0.02
1133,INN,SUMMIT HOTEL PROPERTIES REIT INC,Real Estate,NYSE,United States,0.02
1134,ROOT,ROOT INC CLASS A,Financials,NASDAQ,United States,0.02
1135,GOOD,GLADSTONE COMMERCIAL REIT CORP,Real Estate,NASDAQ,United States,0.02
1136,CWBC,COMMUNITY WEST BANCSHARES,Financials,NASDAQ,United States,0.02
1137,ZGN,ERMENEGILDO ZEGNA NV,Consumer Discretionary,NYSE,Italy,0.02
1138,HOV,HOVNANIAN ENTERPRISES CLASS A,Consumer Discretionary,NYSE,United States,0.02
1139,OSPN,ONESPAN,Information Technology,NASDAQ,United States,0.02
1140,SWBI,SMITH WESSON BRANDS INC,Consumer Discretionary,NASDAQ,United States,0.02
1141,RES,RPC INC,Energy,NYSE,United States,0.02
1142,SG,SWEETGREEN INC CLASS A,Consumer Discretionary,NYSE,United States,0.02
1143,PHR,PHREESIA INC,Health Care,NYSE,United States,0.02
1144,CBLL,CERIBELL,Health Care,NASDAQ,United States,0.02
1145,AEVA,AEVA TECHNOLOGIES INC,Information Technology,NASDAQ,United States,0.02
1146,ACEL,ACCEL ENTERTAINMENT INC CLASS A,Consumer Discretionary,NYSE,United States,0.02
1147,MAMA,MAMAS CREATIONS INC,Consumer Staples,NASDAQ,United States,0.02
1148,CIVB,CIVISTA BANCSHARES INC,Financials,NASDAQ,United States,0.02
1149,KE,KIMBALL ELECTRONICS INC,Information Technology,NASDAQ,United States,0.02
1150,CTOS,CUSTOM TRUCK ONE SOURCE INC,Industrials,NYSE,United States,0.02
1151,FBRT,FRANKLIN BSP REALTY TRUST INC,Financials,NYSE,United States,0.02
1152,NTGR,NETGEAR,Information Technology,NASDAQ,United States,0.02
1153,PSTL,POSTAL REALTY TRUST CLASS A,Real Estate,NYSE,United States,0.02
1154,NRIM,NORTHRIM BANCORP INC,Financials,NASDAQ,United States,0.02
1155,ALX,ALEXANDERS REIT INC,Real Estate,NYSE,United States,0.02
1156,CNNE,CANNAE HOLDINGS INC,Financials,NYSE,United States,0.02
1157,ADTN,ADTRAN HOLDINGS INC,Information Technology,NASDAQ,United States,0.02
1158,WLFC,WILLIS LEASE FINANCE,Industrials,NASDAQ,United States,0.02
1159,SBGI,SINCLAIR CLASS A,Communication,NASDAQ,United States,0.02
1160,BOW,BOWHEAD SPECIALTY HOLDINGS,Financials,NYSE,United States,0.02
1161,IIIN,INSTEEL INDUSTRIES INC,Industrials,NYSE,United States,0.02
1162,ASC,ARDMORE SHIPPING CORP,Energy,NYSE,Bermuda,0.02
1163,SFST,SOUTHERN FIRST BANCSHARES INC,Financials,NASDAQ,United States,0.02
1164,AVLN,AVALYN PHARMA INC,Health Care,NASDAQ,United States,0.02
1165,FBIZ,FIRST BUSINESS FINANCIAL SERVICES,Financials,NASDAQ,United States,0.02
1166,NXDR,NEXTDOOR HOLDINGS CLASS A,Communication,NYSE,United States,0.02
1167,CRMD,CORMEDIX,Health Care,NASDAQ,United States,0.02
1168,MLAB,MESA LABORATORIES,Health Care,NASDAQ,United States,0.02
1169,KRNY,KEARNY FINANCIAL CORP,Financials,NASDAQ,United States,0.02
1170,BRSP,BRIGHTSPIRE CAPITAL INC CLASS A,Financials,NYSE,United States,0.02
1171,CLDT,CHATHAM LODGING TRUST REIT,Real Estate,NYSE,United States,0.02
1172,PAYS,PAYSIGN INC,Financials,NASDAQ,United States,0.02
1173,HBT,HBT FINANCIAL INC,Financials,NASDAQ,United States,0.02
1174,ONT,ONTERRIS INC,Industrials,NYSE,United States,0.02
1175,NAVI,NAVIENT,Financials,NASDAQ,United States,0.02
1176,BWMN,BOWMAN CONSULTING GROUP,Industrials,NASDAQ,United States,0.02
1177,CTKB,CYTEK BIOSCIENCES,Health Care,NASDAQ,United States,0.02
1178,CTMX,CYTOMX THERAPEUTICS,Health Care,NASDAQ,United States,0.02
1179,MEI,METHODE ELECTRONICS,Information Technology,NYSE,United States,0.02
1180,LXU,LSB INDUSTRIES,Materials,NYSE,United States,0.02
1181,FOR,FORESTAR GROUP INC,Real Estate,NYSE,United States,0.02
1182,AHCO,ADAPTHEALTH,Health Care,NASDAQ,United States,0.02
1183,CARS,CARS.COM INC,Communication,NYSE,United States,0.02
1184,ANGO,ANGIODYNAMICS,Health Care,NASDAQ,United States,0.02
1185,CDNL,CARDINAL INFRASTRUCTURE GROUP INC,Industrials,NASDAQ,United States,0.02
1186,RWT,REDWOOD TRUST REIT,Financials,NYSE,United States,0.02
1187,NXRT,NEXPOINT RESIDENTIAL TRUST INC,Real Estate,NYSE,United States,0.02
1188,GIC,GLOBAL INDUSTRIAL,Industrials,NYSE,United States,0.02
1189,DRUG,BRIGHT MINDS BIOSCIENCES,Health Care,NASDAQ,United States,0.02
1190,EGY,VAALCO ENERGY INC,Energy,NYSE,United States,0.02
1191,TRTX,TPG RE FINANCE TRUST INC,Financials,NYSE,United States,0.02
1192,MMED,MINIMED INC,Health Care,NASDAQ,United States,0.02
1193,AMSF,AMERISAFE INC,Financials,NASDAQ,United States,0.02
1194,CLB,CORE LABORATORIES,Energy,NYSE,United States,0.02
1195,EBF,ENNIS INC,Industrials,NYSE,United States,0.02
1196,NVEC,NVE CORP,Information Technology,NASDAQ,United States,0.02
1197,EVC,ENTRAVISION COMMUNICATIONS CORP CL,Communication,NYSE,United States,0.02
1198,ALT,ALTIMMUNE INC,Health Care,NASDAQ,United States,0.02
1199,LXRX,LEXICON PHARMACEUTICALS INC,Health Care,NASDAQ,United States,0.02
1200,MBUU,MALIBU BOATS CLASS A INC,Consumer Discretionary,NASDAQ,United States,0.02
1201,CERS,CERUS CORP,Health Care,NASDAQ,United States,0.02
1202,OPK,OPKO HEALTH,Health Care,NASDAQ,United States,0.02
1203,BCAL,CALIFORNIA BANCORP,Financials,NASDAQ,United States,0.02
1204,SPT,SPROUT SOCIAL CLASS A,Information Technology,NASDAQ,United States,0.02
1205,MNTN,MNTN CLASS A,Communication,NYSE,United States,0.02
1206,GEFB,GREIF INC CLASS B,Materials,NYSE,United States,0.02
1207,SATL,SATELLOGIC CLASS A,Industrials,NASDAQ,United States,0.02
1208,MOV,MOVADO GROUP INC,Consumer Discretionary,NYSE,United States,0.02
1209,REPX,RILEY EXPLORATION PERMIAN INC,Energy,Nyse Mkt Llc,United States,0.02
1210,ACHV,ACHIEVE LIFE SCIENCES,Health Care,NASDAQ,United States,0.02
1211,ETD,ETHAN ALLEN INTERIORS,Consumer Discretionary,NYSE,United States,0.02
1212,HBCP,HOME BANCORP INC,Financials,NASDAQ,United States,0.02
1213,CVLG,COVENANT LOGISTICS GROUP INC CLASS,Industrials,NYSE,United States,0.02
1214,UHT,UNIVERSAL HEALTH REALTY INCOME TRU,Real Estate,NYSE,United States,0.02
1215,BDN,BRANDYWINE REALTY TRUST REIT,Real Estate,NYSE,United States,0.02
1216,TCMD,TACTILE SYSTEMS TECHNOLOGY,Health Care,NASDAQ,United States,0.02
1217,HNRG,HALLADOR ENERGY,Utilities,NASDAQ,United States,0.02
1218,CMCO,COLUMBUS MCKINNON CORP,Industrials,NASDAQ,United States,0.02
1219,XMAX,XMAX INC,Consumer Discretionary,NASDAQ,United States,0.02
1220,GDYN,GRID DYNAMICS HOLDINGS CLASS A,Information Technology,NASDAQ,United States,0.02
1221,RPC,RIDGEPOST CAPITAL INC CLASS A,Financials,NYSE,United States,0.02
1222,BSRR,SIERRA BANCORP,Financials,NASDAQ,United States,0.02
1223,SOC,SABLE OFFSHORE CLASS A,Energy,NYSE,United States,0.02
1224,RRBI,RED RIVER BANCSHARES INC,Financials,NASDAQ,United States,0.02
1225,ARVN,ARVINAS INC,Health Care,NASDAQ,United States,0.02
1226,FDMT,4D MOLECULAR THERAPEUTICS INC,Health Care,NASDAQ,United States,0.02
1227,AHRT,AH REALTY INC,Real Estate,NYSE,United States,0.02
1228,EVH,EVOLENT HEALTH CLASS A,Health Care,NYSE,United States,0.02
1229,SGMT,SAGIMET BIOSCIENCES SERIES A,Health Care,NASDAQ,United States,0.02
1230,RHLD,RESOLUTE HOLDINGS MANAGEMENT INC,Industrials,NYSE,United States,0.02
1231,FEIM,FREQUENCY ELECTRONICS INC,Information Technology,NASDAQ,United States,0.02
1232,VTS,VITESSE ENERGY INC,Energy,NYSE,United States,0.02
1233,DDD,3D SYSTEMS CORP,Industrials,NYSE,United States,0.02
1234,VSTM,VERASTEM INC,Health Care,NASDAQ,United States,0.02
1235,HYLN,HYLIION HOLDINGS CORP,Industrials,Nyse Mkt Llc,United States,0.02
1236,NVRI,ENVIRI CORP,Industrials,NYSE,United States,0.02
1237,GSM,FERROGLOBE PLC,Materials,NASDAQ,United States,0.02
1238,RYAM,RAYONIER ADVANCED MATERIALS,Materials,NYSE,United States,0.02
1239,ODD,ODDITY TECH CLASS A,Consumer Staples,NASDAQ,Israel,0.02
1240,ALLO,ALLOGENE THERAPEUTICS,Health Care,NASDAQ,United States,0.02
1241,FMAO,FARMERS AND MERCHANTS BANCORP INC,Financials,NASDAQ,United States,0.02
1242,COFS,CHOICEONE FINANCIAL SERVICES INC,Financials,NASDAQ,United States,0.02
1243,GRPN,GROUPON,Consumer Discretionary,NASDAQ,United States,0.02
1244,HIFS,HINGHAM INSTITUTION FOR SAVINGS,Financials,NASDAQ,United States,0.02
1245,YEXT,YEXT,Information Technology,NYSE,United States,0.02
1246,RGNX,REGENXBIO,Health Care,NASDAQ,United States,0.02
1247,ILPT,INDUSTRIAL LOGISTICS PROPERTIES TR,Real Estate,NASDAQ,United States,0.02
1248,OXM,OXFORD INDUSTRIES INC,Consumer Discretionary,NYSE,United States,0.02
1249,RGR,STURM RUGER,Consumer Discretionary,NYSE,United States,0.02
1250,JCAP,JEFFERSON CAPITAL INC,Financials,NASDAQ,United States,0.02
1251,CLYM,CLIMB BIO INC,Health Care,NASDAQ,United States,0.02
1252,ARHS,ARHAUS INC CLASS A,Consumer Discretionary,NASDAQ,United States,0.02
1253,OOMA,OOMA,Information Technology,NYSE,United States,0.02
1254,AEBI,AEBI SCHMIDT HOLDING AG,Industrials,NASDAQ,United States,0.02
1255,TBLA,TABOOLA.COM LTD,Communication,NASDAQ,United States,0.02
1256,MDXG,MIMEDX GROUP,Health Care,NASDAQ,United States,0.02
1257,PKOH,PARK OHIO HOLDINGS CORP,Industrials,NASDAQ,United States,0.02
1258,NRGV,ENERGY VAULT HOLDINGS,Industrials,NYSE,United States,0.02
1259,CCOI,COGENT COMMUNICATIONS HOLDINGS INC,Communication,NASDAQ,United States,0.02
1260,OBT,ORANGE COUNTY BANCORP INC,Financials,NASDAQ,United States,0.02
1261,ATLC,ATLANTICUS HOLDINGS CORP,Financials,NASDAQ,United States,0.02
1262,DCTH,DELCATH SYS INC,Health Care,NASDAQ,United States,0.02
1263,FIP,FTAI INFRASTRUCTURE,Industrials,NASDAQ,United States,0.02
1264,KELYA,KELLY SERVICES INC CLASS A,Industrials,NASDAQ,United States,0.02
1265,WTBA,WEST BANCORPORATION INC,Financials,NASDAQ,United States,0.02
1266,CSV,CARRIAGE SERVICES INC,Consumer Discretionary,NYSE,United States,0.02
1267,AKTS,AKTIS ONCOLOGY INC,Health Care,NASDAQ,United States,0.02
1268,WNC,WABASH NATIONAL,Industrials,NYSE,United States,0.02
1269,MNPR,MONOPAR THERAPEUTICS,Health Care,NASDAQ,United States,0.02
1270,CTGO,CONTANGO SILVER AND GOLD INC,Materials,Nyse Mkt Llc,United States,0.02
1271,ASPI,ASP ISOTOPES INC,Materials,NASDAQ,United States,0.02
1272,URG,UR ENERGY INC,Energy,Nyse Mkt Llc,United States,0.02
1273,OIS,OIL STATES INTERNATIONAL,Energy,NYSE,United States,0.02
1274,FTK,FLOTEK INDUSTRIES INC,Materials,NYSE,United States,0.02
1275,CLMB,CLIMB GLOBAL SOLUTIONS INC,Information Technology,NASDAQ,United States,0.02
1276,LMB,LIMBACH HOLDINGS INC,Industrials,NASDAQ,United States,0.02
1277,RBB,RBB BANCORP,Financials,NASDAQ,United States,0.02
1278,SLDP,SOLID POWER CLASS A,Consumer Discretionary,NASDAQ,United States,0.02
1279,YORW,YORK WATER,Utilities,NASDAQ,United States,0.02
1280,BWB,BRIDGEWATER BANCSHARES INC,Financials,NASDAQ,United States,0.02
1281,HTLD,HEARTLAND EXPRESS INC,Industrials,NASDAQ,United States,0.02
1282,BTBT,BIT DIGITAL,Information Technology,NASDAQ,United States,0.02
1283,CPS,COOPER STANDARD HOLDINGS,Consumer Discretionary,NYSE,United States,0.01
1284,WRLD,WORLD ACCEPTANCE CORP,Financials,NASDAQ,United States,0.01
1285,STLN,STARLING ONCOLOGY,Health Care,NASDAQ,United States,0.01
1286,IDR,IDAHO STRATEGIC RESOURCES INC,Materials,Nyse Mkt Llc,United States,0.01
1287,UNTY,UNITY BANCORP INC,Financials,NASDAQ,United States,0.01
1288,TIPT,TIPTREE INC,Financials,NASDAQ,United States,0.01
1289,XRN,CHIRON REAL ESTATE INC,Real Estate,NYSE,United States,0.01
1290,HNST,THE HONEST COMPANY,Consumer Staples,NASDAQ,United States,0.01
1291,TATT,TAT TECHNOLOGIES LTD,Industrials,NASDAQ,Israel,0.01
1292,EOLS,EVOLUS INC,Health Care,NASDAQ,United States,0.01
1293,CWCO,CONSOLIDATED WATER LTD,Utilities,NASDAQ,United States,0.01
1294,FWRD,FORWARD AIR CORP,Industrials,NASDAQ,United States,0.01
1295,CBAN,COLONY BANKCORP INC,Financials,NYSE,United States,0.01
1296,METC,RAMACO RESOURCES INC CLASS A,Materials,NASDAQ,United States,0.01
1297,BWFG,BANKWELL FINANCIAL GROUP INC,Financials,NASDAQ,United States,0.01
1298,NMAX,NEWSMAX INC CLASS B,Communication,NYSE,United States,0.01
1299,CAL,CALERES INC,Consumer Discretionary,NYSE,United States,0.01
1300,AQST,AQUESTIVE THERAPEUTICS INC,Health Care,NASDAQ,United States,0.01
1301,HSHP,HIMALAYA SHIPPING LTD,Industrials,NYSE,Norway,0.01
1302,BBW,BUILD A BEAR WORKSHOP,Consumer Discretionary,NYSE,United States,0.01
1303,CZNC,CITIZENS AND NORTHERN CORP,Financials,NASDAQ,United States,0.01
1304,GTN,GRAY MEDIA INC,Communication,NYSE,United States,0.01
1305,DIN,DINE BRANDS GLOBAL,Consumer Discretionary,NYSE,United States,0.01
1306,SD,SANDRIDGE ENERGY INC,Energy,NYSE,United States,0.01
1307,OCGN,OCUGEN,Health Care,NASDAQ,United States,0.01
1308,DSGN,DESIGN THERAPEUTICS,Health Care,NASDAQ,United States,0.01
1309,PHAT,PHATHOM PHARMACEUTICALS,Health Care,NASDAQ,United States,0.01
1310,CRML,CRITICAL METALS CORP,Materials,NASDAQ,United States,0.01
1311,BFS,SAUL CENTERS REIT INC,Real Estate,NYSE,United States,0.01
1312,IMMX,IMMIX BIOPHARMA,Health Care,NASDAQ,United States,0.01
1313,OLP,ONE LIBERTY PROPERTIES REIT INC,Real Estate,NYSE,United States,0.01
1314,CBNK,CAPITAL BANCORP INC,Financials,NASDAQ,United States,0.01
1315,LXFR,LUXFER HOLDINGS PLC,Industrials,NYSE,United States,0.01
1316,ASIX,ADVANSIX,Materials,NYSE,United States,0.01
1317,PLBC,PLUMAS BANCORP,Financials,NASDAQ,United States,0.01
1318,RLMD,RELMADA THERAPEUTICS INC,Health Care,NASDAQ,United States,0.01
1319,CENT,CENTRAL GARDEN AND PET,Consumer Staples,NASDAQ,United States,0.01
1320,STTK,SHATTUCK LABS INC,Health Care,NASDAQ,United States,0.01
1321,GLRE,GREENLIGHT CAPITAL LTD CLASS A,Financials,NASDAQ,United States,0.01
1322,AGNT,AGNT INC,Real Estate,NASDAQ,United States,0.01
1323,LOCO,EL POLLO LOCO INC,Consumer Discretionary,NASDAQ,United States,0.01
1324,FRST,PRIMIS FINANCIAL CORP,Financials,NASDAQ,United States,0.01
1325,CLPT,CLEARPOINT NEURO INC,Health Care,NASDAQ,United States,0.01
1326,MCFT,MASTERCRAFT BOAT HOLDINGS INC,Consumer Discretionary,NASDAQ,United States,0.01
1327,SFIX,STITCH FIX CLASS A,Consumer Discretionary,NASDAQ,United States,0.01
1328,BMRC,BANK OF MARIN BANCORP,Financials,NASDAQ,United States,0.01
1329,CHCT,COMMUNITY HEALTHCARE TRUST INC,Real Estate,NYSE,United States,0.01
1330,CTEV,CLARITEV CORP CLASS A,Health Care,NYSE,United States,0.01
1331,SB,SAFE BULKERS INC,Industrials,NYSE,Monaco,0.01
1332,FRBA,FIRST BANK,Financials,NASDAQ,United States,0.01
1333,KIDS,ORTHOPEDIATRICS CORP,Health Care,NASDAQ,United States,0.01
1334,ITIC,INVESTORS TITLE,Financials,NASDAQ,United States,0.01
1335,SPIR,SPIRE GLOBAL CLASS A,Industrials,NYSE,United States,0.01
1336,VITL,VITAL FARMS INC,Consumer Staples,NASDAQ,United States,0.01
1337,GRND,GRINDR INC,Communication,NYSE,United States,0.01
1338,HVT,HAVERTY FURNITURE COMPANIES INC,Consumer Discretionary,NYSE,United States,0.01
1339,DGICA,DONEGAL GROUP INC CLASS A,Financials,NASDAQ,United States,0.01
1340,DFH,DREAM FINDERS HOMES INC CLASS A,Consumer Discretionary,NYSE,United States,0.01
1341,OVID,OVID THERAPEUTICS,Health Care,NASDAQ,United States,0.01
1342,MAX,MEDIAALPHA CLASS A,Communication,NYSE,United States,0.01
1343,PKBK,PARKE BANCORP INC,Financials,NASDAQ,United States,0.01
1344,NGS,NATURAL GAS SERVICES GROUP,Energy,NYSE,United States,0.01
1345,ACCO,ACCO BRANDS CORP,Industrials,NYSE,United States,0.01
1346,KRT,KARAT PACKAGING INC,Industrials,NASDAQ,United States,0.01
1347,ULCC,FRONTIER GROUP HOLDINGS,Industrials,NASDAQ,United States,0.01
1348,RXT,RACKSPACE TECHNOLOGY INC,Information Technology,NASDAQ,United States,0.01
1349,KREF,KKR REAL ESTATE FINANCE INC TRUST,Financials,NYSE,United States,0.01
1350,ISTR,INVESTAR HOLDING CORP,Financials,NASDAQ,United States,0.01
1351,FNLC,FIRST BANCORP INC,Financials,NASDAQ,United States,0.01
1352,ASPN,ASPEN AEROGELS,Materials,NYSE,United States,0.01
1353,BELFA,BEL FUSE CLASS A,Information Technology,NASDAQ,United States,0.01
1354,FPI,FARMLAND PARTNERS INC,Real Estate,NYSE,United States,0.01
1355,BATRA,ATLANTA BRAVES HOLDINGS SERIES A,Communication,NASDAQ,United States,0.01
1356,TTAM,TITAN AMERICA SA,Materials,NYSE,Belgium,0.01
1357,SVV,SAVERS VALUE VILLAGE,Consumer Discretionary,NYSE,United States,0.01
1358,CCCC,C4 THERAPEUTICS,Health Care,NASDAQ,United States,0.01
1359,ALMR,ALAMAR BIOSCIENCES INC,Health Care,NASDAQ,United States,0.01
1360,PRTA,PROTHENA PLC,Health Care,NASDAQ,United States,0.01
1361,PDLB,PONCE FINANCIAL GROUP INC,Financials,NASDAQ,United States,0.01
1362,NGNE,NEUROGENE INC,Health Care,NASDAQ,United States,0.01
1363,CWH,CAMPING WORLD HOLDINGS INC CLASS A,Consumer Discretionary,NYSE,United States,0.01
1364,AIOT,POWERFLEET,Information Technology,NASDAQ,United States,0.01
1365,SRTA,STRATA CRITICAL MEDICAL CLASS A,Health Care,NASDAQ,United States,0.01
1366,ERII,ENERGY RECOVERY,Industrials,NASDAQ,United States,0.01
1367,MAGN,MAGNERA,Materials,NYSE,United States,0.01
1368,OFIX,ORTHOFIX MEDICAL,Health Care,NASDAQ,United States,0.01
1369,AMCX,AMC GLOBAL MEDIA INC CLASS A,Communication,NASDAQ,United States,0.01
1370,NUAI,NEW ERA ENERGY AND DIGITAL INC,Energy,NASDAQ,United States,0.01
1371,VLGEA,VILLAGE SUPER MARKET INC CLASS A,Consumer Staples,NASDAQ,United States,0.01
1372,CYH,COMMUNITY HEALTH SYSTEMS INC,Health Care,NYSE,United States,0.01
1373,IPI,INTREPID POTASH INC,Materials,NYSE,United States,0.01
1374,NEWT,NEWTEKONE,Financials,NASDAQ,United States,0.01
1375,PBYI,PUMA BIOTECHNOLOGY INC,Health Care,NASDAQ,United States,0.01
1376,XRX,XEROX HOLDINGS CORP,Information Technology,NASDAQ,United States,0.01
1377,CTNM,CONTINEUM THERAPEUTICS INC CLASS A,Health Care,NASDAQ,United States,0.01
1378,CRNC,CERENCE,Information Technology,NASDAQ,United States,0.01
1379,IBTA,IBOTTA CLASS A,Communication,NYSE,United States,0.01
1380,CMCL,CALEDONIA MINING PLC,Materials,Nyse Mkt Llc,Canada,0.01
1381,NPCE,NEUROPACE,Health Care,NASDAQ,United States,0.01
1382,SWIM,LATHAM GROUP INC,Consumer Discretionary,NASDAQ,United States,0.01
1383,TITN,TITAN MACHINERY INC,Industrials,NASDAQ,United States,0.01
1384,HY,HYSTER YALE INC CLASS A,Industrials,NYSE,United States,0.01
1385,MVBF,MVB FINANCIAL CORP,Financials,NASDAQ,United States,0.01
1386,TREE,LENDINGTREE,Financials,NASDAQ,United States,0.01
1387,FSTR,LB FOSTER,Industrials,NASDAQ,United States,0.01
1388,IIIV,I3 VERTICALS CLASS A,Information Technology,NASDAQ,United States,0.01
1389,ORN,ORION GROUP INC,Industrials,NYSE,United States,0.01
1390,CZFS,CITIZENS FINANCIAL SERVICES INC,Financials,NASDAQ,United States,0.01
1391,ENTA,ENANTA PHARMACEUTICALS INC,Health Care,NASDAQ,United States,0.01
1392,CTRN,CITI TRENDS INC,Consumer Discretionary,NASDAQ,United States,0.01
1393,GEVO,GEVO,Energy,NASDAQ,United States,0.01
1394,SPRY,ARS PHARMACEUTICALS INC,Health Care,NASDAQ,United States,0.01
1395,IBEX,IBEX LTD,Industrials,NASDAQ,United States,0.01
1396,REAX,REAL BROKERAGE,Real Estate,NASDAQ,Canada,0.01
1397,FVR,FRONTVIEW REIT,Real Estate,NYSE,United States,0.01
1398,NECB,NORTHEAST COMMUNITY BANCORP INC,Financials,NASDAQ,United States,0.01
1399,RMR,RMR GROUP CLASS A,Real Estate,NASDAQ,United States,0.01
1400,IHRT,IHEARTMEDIA CLASS A,Communication,NASDAQ,United States,0.01
1401,CRCT,CRICUT INC CLASS A,Consumer Discretionary,NASDAQ,United States,0.01
1402,NPB,NORTHPOINTE BANCSHARES INC,Financials,NYSE,United States,0.01
1403,TSBK,TIMBERLAND BANCORP INC,Financials,NASDAQ,United States,0.01
1404,TWI,TITAN INTERNATIONAL INC,Industrials,NYSE,United States,0.01
1405,AVEX,AEVEX CORP CLASS A,Industrials,NYSE,United States,0.01
1406,NGVC,NATURAL GROCERS BY VITAMIN COTTAGE,Consumer Staples,NYSE,United States,0.01
1407,OABI,OMNIAB INC,Health Care,NASDAQ,United States,0.01
1408,FLGT,FULGENT GENETICS INC,Health Care,NASDAQ,United States,0.01
1409,MEC,MAYVILLE ENGINEERING COMPANY INC,Industrials,NYSE,United States,0.01
1410,KRUS,KURA SUSHI USA,Consumer Discretionary,NASDAQ,United States,0.01
1411,BIOA,BIOAGE LABS,Health Care,NASDAQ,United States,0.01
1412,NWFL,NORWOOD FINANCIAL CORP,Financials,NASDAQ,United States,0.01
1413,RZLT,REZOLUTE,Health Care,NASDAQ,United States,0.01
1414,WLTH,WEALTHFRONT,Financials,NASDAQ,United States,0.01
1415,STRT,STRATTEC SECURITY CORP,Consumer Discretionary,NASDAQ,United States,0.01
1416,PSIX,POWER SOLUTIONS INTERNATIONAL,Industrials,NASDAQ,United States,0.01
1417,MRAM,EVERSPIN TECHNOLOGIES INC,Information Technology,NASDAQ,United States,0.01
1418,BCML,BAYCOM CORP,Financials,NASDAQ,United States,0.01
1419,WEAV,WEAVE COMMUNICATIONS,Information Technology,NYSE,United States,0.01
1420,AVIR,ATEA PHARMACEUTICALS,Health Care,NASDAQ,United States,0.01
1421,GENB,GENERATE BIOMEDICINES INC,Health Care,NASDAQ,United States,0.01
1422,PCB,PCB BANCORP,Financials,NASDAQ,United States,0.01
1423,WTI,W AND T OFFSHORE,Energy,NYSE,United States,0.01
1424,MPTI,M TRON INDUSTRIES INC,Information Technology,Nyse Mkt Llc,United States,0.01
1425,YSWY,YESWAY INC CLASS A,Consumer Staples,NASDAQ,United States,0.01
1426,LXEO,LEXEO THERAPEUTICS,Health Care,NASDAQ,United States,0.01
1427,OEC,ORION SA,Materials,NYSE,United States,0.01
1428,TECX,TECTONIC THERAPEUTIC INC,Health Care,NASDAQ,United States,0.01
1429,SERV,SERVE ROBOTICS INC,Consumer Discretionary,NASDAQ,United States,0.01
1430,FENC,FENNEC PHARMACEUTICALS,Health Care,NASDAQ,United States,0.01
1431,DNA,GINKGO BIOWORKS HOLDINGS CLASS A,Health Care,NYSE,United States,0.01
1432,WSBF,WATERSTONE FINANCIAL INC,Financials,NASDAQ,United States,0.01
1433,STRZ,STARZ ENTERTAINMENT,Communication,NASDAQ,United States,0.01
1434,GCO,GENESCO INC,Consumer Discretionary,NYSE,United States,0.01
1435,CBIO,CRESCENT BIOPHARMA,Health Care,NASDAQ,United States,0.01
1436,IMXI,INTERNATIONAL MONEY EXPRESS INC,Financials,NASDAQ,United States,0.01
1437,AURA,AURA BIOSCIENCES,Health Care,NASDAQ,United States,0.01
1438,CLW,CLEARWATER PAPER CORP,Materials,NYSE,United States,0.01
1439,FVCB,FVCBANKCORP INC,Financials,NASDAQ,United States,0.01
1440,RCKY,ROCKY BRANDS INC,Consumer Discretionary,NASDAQ,United States,0.01
1441,LAND,GLADSTONE LAND REIT CORP,Real Estate,NASDAQ,United States,0.01
1442,WYFI,WHITEFIBER INC,Information Technology,NASDAQ,United States,0.01
1443,BOBS,BOBS DISCOUNT FURNITURE INC,Consumer Discretionary,NYSE,United States,0.01
1444,JACK,JACK IN THE BOX INC,Consumer Discretionary,NASDAQ,United States,0.01
1445,NRDS,NERDWALLET CLASS A,Financials,NASDAQ,United States,0.01
1446,RNGR,RANGER ENERGY SERVICES INC CLASS A,Energy,NYSE,United States,0.01
1447,TDUP,THREDUP CLASS A,Consumer Discretionary,NASDAQ,United States,0.01
1448,BBBY,BED BATH AND BEYOND INC,Consumer Discretionary,NYSE,United States,0.01
1449,PTLO,PORTILLO S INC CLASS A,Consumer Discretionary,NASDAQ,United States,0.01
1450,TRC,TEJON RANCH,Real Estate,NYSE,United States,0.01
1451,CHMG,CHEMUNG FINANCIAL CORP,Financials,NASDAQ,United States,0.01
1452,MH,MCGRAW HILL,Consumer Discretionary,NYSE,United States,0.01
1453,STRO,SUTRO BIOPHARMA INC,Health Care,NASDAQ,United States,0.01
1454,ARKO,ARKO,Consumer Discretionary,NASDAQ,United States,0.01
1455,KYTX,KYVERNA THERAPEUTICS,Health Care,NASDAQ,United States,0.01
1456,OPRT,OPORTUN FINANCIAL CORP,Financials,NASDAQ,United States,0.01
1457,NEXN,NEXXEN INTERNATIONAL LTD,Communication,NASDAQ,Israel,0.01
1458,SGHT,SIGHT SCIENCES,Health Care,NASDAQ,United States,0.01
1459,CLFD,CLEARFIELD INC,Information Technology,NASDAQ,United States,0.01
1460,XFOR,X4 PHARMACEUTICALS INC,Health Care,NASDAQ,United States,0.01
1461,DSGR,DISTRIBUTION SOLUTIONS GROUP,Industrials,NASDAQ,United States,0.01
1462,ATLO,AMES NATIONAL CORP,Financials,NASDAQ,United States,0.01
1463,ABAT,AMERICAN BATTERY TECHNOLOGY COMPAN,Materials,NASDAQ,United States,0.01
1464,PACB,PACIFIC BIOSCIENCES OF CALIFORNIA,Health Care,NASDAQ,United States,0.01
1465,OSS,ONE STOP SYSTEMS INC,Information Technology,NASDAQ,United States,0.01
1466,ISSC,INNOVATIVE SOLUTIONS AND SUPPORT I,Industrials,NASDAQ,United States,0.01
1467,NVCT,NUVECTIS PHARMA INC,Health Care,NASDAQ,United States,0.01
1468,EMBC,EMBECTA,Health Care,NASDAQ,United States,0.01
1469,RR,RICHTECH ROBOTICS CLASS B,Industrials,NASDAQ,United States,0.01
1470,SHAZ,SHARONAI HOLDINGS INC CLASS A,Information Technology,NASDAQ,United States,0.01
1471,QUAD,QUAD GRAPHICS INC CLASS A,Industrials,NYSE,United States,0.01
1472,CVEO,CIVEO CORP,Industrials,NYSE,United States,0.01
1473,PESI,PERMA FIX ENVIRONMENTAL SERVICES I,Industrials,NASDAQ,United States,0.01
1474,AII,AMERICAN INTEGRITY INSURANCE GROUP,Financials,NYSE,United States,0.01
1475,SLP,SIMULATIONS PLUS,Health Care,NASDAQ,United States,0.01
1476,ACIC,AMERICAN COASTAL INSURANCE CORP,Financials,NASDAQ,United States,0.01
1477,MTRX,MATRIX SERVICE,Industrials,NASDAQ,United States,0.01
1478,ZURA,ZURA BIO LTD CLASS A,Health Care,NASDAQ,United States,0.01
1479,VOXR,VOX ROYALTY CORP,Materials,NASDAQ,Canada,0.01
1480,CATX,PERSPECTIVE THERAPEUTICS INC,Health Care,Nyse Mkt Llc,United States,0.01
1481,ALTO,ALTO INGREDIENTS INC,Materials,NASDAQ,United States,0.01
1482,CBK,COMMERCIAL BANCGROUP INC,Financials,NASDAQ,United States,0.01
1483,XPER,XPERI INC,Information Technology,NYSE,United States,0.01
1484,RM,REGIONAL MANAGEMENT CORP,Financials,NYSE,United States,0.01
1485,FSBW,FS BANCORP INC,Financials,NASDAQ,United States,0.01
1486,WEST,WESTROCK COFFEE,Consumer Staples,NASDAQ,United States,0.01
1487,ATNI,ATN INTERNATIONAL INC,Communication,NASDAQ,United States,0.01
1488,FCCO,FIRST COMMUNITY CORP,Financials,NASDAQ,United States,0.01
1489,MG,MISTRAS GROUP INC,Industrials,NYSE,United States,0.01
1490,VGZ,VISTA GOLD CORP,Materials,Nyse Mkt Llc,United States,0.01
1491,TSSI,TSS INC,Information Technology,NASDAQ,United States,0.01
1492,PALI,PALISADE BIO INC,Health Care,NASDAQ,United States,0.01
1493,JOUT,JOHNSON OUTDOORS INC CLASS A,Consumer Discretionary,NASDAQ,United States,0.01
1494,ZIP,ZIPRECRUITER INC CLASS A,Communication,NYSE,United States,0.01
1495,VMD,VIEMED HEALTHCARE INC,Health Care,NASDAQ,United States,0.01
1496,PRME,PRIME MEDICINE,Health Care,NASDAQ,United States,0.01
1497,CABA,CABALETTA BIO,Health Care,NASDAQ,United States,0.01
1498,GNE,GENIE ENERGY LTD CLASS B,Utilities,NYSE,United States,0.01
1499,RCKT,ROCKET PHARMACEUTICALS,Health Care,NASDAQ,United States,0.01
1500,BOC,BOSTON OMAHA CORP CLASS A,Communication,NYSE,United States,0.01
1501,AVXL,ANAVEX LIFE SCIENCES CORP,Health Care,NASDAQ,United States,0.01
1502,SPCE,VIRGIN GALACTIC HOLDINGS INC SHS C,Industrials,NYSE,United States,0.01
1503,CRDA,CRAWFORD CLASS A,Financials,NYSE,United States,0.01
1504,JMSB,JOHN MARSHALL BANCORP INC,Financials,NASDAQ,United States,0.01
1505,CMPX,COMPASS THERAPEUTICS,Health Care,NASDAQ,United States,0.01
1506,PINE,ALPINE INCOME PROPERTY TRUST INC,Real Estate,NYSE,United States,0.01
1507,HTZ,HERTZ GLOBAL HLDGS INC,Industrials,NASDAQ,United States,0.01
1508,AVBC,AVIDIA BANCORP INC,Financials,NYSE,United States,0.01
1509,LTBR,LIGHTBRIDGE CORP,Energy,NASDAQ,United States,0.01
1510,FUNC,FIRST UNITED CORP,Financials,NASDAQ,United States,0.01
1511,FRD,FRIEDMAN INDUSTRIES INC,Materials,NASDAQ,United States,0.01
1512,TBI,TRUEBLUE INC,Industrials,NYSE,United States,0.01
1513,BLND,BLEND LABS CLASS A,Information Technology,NYSE,United States,0.01
1514,MYGN,MYRIAD GENETICS,Health Care,NASDAQ,United States,0.01
1515,FRAF,FRANKLIN FINANCIAL SERVICES CORP,Financials,NASDAQ,United States,0.01
1516,MASS,908 DEVICES,Information Technology,NASDAQ,United States,0.01
1517,ELDN,ELEDON PHARMACEUTICALS INC,Health Care,NASDAQ,United States,0.01
1518,PLAY,DAVE AND BUSTERS ENTERTAINMENT,Consumer Discretionary,NASDAQ,United States,0.01
1519,NKSH,NATIONAL BANKSHARES INC,Financials,NASDAQ,United States,0.01
1520,SHOE,SHOE STATION GROUP INC,Consumer Discretionary,NASDAQ,United States,0.01
1521,ABEO,ABEONA THERAPEUTICS INC,Health Care,NASDAQ,United States,0.01
1522,FUBO,FUBOTV CLASS A,Communication,NYSE,United States,0.01
1523,RLGT,RADIANT LOGISTIC INC,Industrials,Nyse Mkt Llc,United States,0.01
1524,MNRO,MONRO,Consumer Discretionary,NASDAQ,United States,0.01
1525,BGS,B AND G FOODS INC,Consumer Staples,NYSE,United States,0.01
1526,SENS,SENSEONICS HOLDINGS INC,Health Care,NASDAQ,United States,0.01
1527,CLNE,CLEAN ENERGY FUELS,Energy,NASDAQ,United States,0.01
1528,ONIT,ONITY GROUP INC,Financials,NYSE,United States,0.01
1529,EGHT,8X8 INC,Information Technology,NASDAQ,United States,0.01
1530,EDIT,EDITAS MEDICINE,Health Care,NASDAQ,United States,0.01
1531,FOSL,FOSSIL GROUP INC,Consumer Discretionary,NASDAQ,United States,0.01
1532,LRMR,LARIMAR THERAPEUTICS,Health Care,NASDAQ,United States,0.01
1533,ASMB,ASSEMBLY BIOSCIENCES INC,Health Care,NASDAQ,United States,0.01
1534,SMC,SUMMIT MIDSTREAM CORP,Energy,NYSE,United States,0.01
1535,LILA,LIBERTY LATIN AMERICA CLASS A,Communication,NASDAQ,United States,0.01
1536,BH,BIGLARI HOLDINGS INCINARY CLASS B,Consumer Discretionary,NYSE,United States,0.01
1537,ELMD,ELECTROMED INC,Health Care,Nyse Mkt Llc,United States,0.01
1538,IKT,INHIBIKASE THERAPEUTICS,Health Care,NASDAQ,United States,0.01
1539,RXST,RXSIGHT,Health Care,NASDAQ,United States,0.01
1540,FXNC,FIRST NATIONAL CORP,Financials,NASDAQ,United States,0.01
1541,MYFW,FIRST WESTERN FINANCIAL INC,Financials,NASDAQ,United States,0.01
1542,RMNI,RIMINI STREET INC,Information Technology,NASDAQ,United States,0.01
1543,BMBL,BUMBLE CLASS A,Communication,NASDAQ,United States,0.01
1544,GRNT,GRANITE RIDGE RESOURCES,Energy,NYSE,United States,0.01
1545,RJET,REPUBLIC AIRWAYS HOLDINGS INC,Industrials,NASDAQ,United States,0.01
1546,EVEX,EVE HOLDING,Industrials,NYSE,United States,0.01
1547,IMRX,IMMUNEERING CLASS A,Health Care,NASDAQ,United States,0.01
1548,FDBC,FIDELITY D AND D BANCORP INC,Financials,NASDAQ,United States,0.01
1549,ARDT,ARDENT HEALTH INC,Health Care,NYSE,United States,0.01
1550,PACK,RANPAK HOLDINGS CORP CLASS A,Materials,NYSE,United States,0.01
1551,USCB,USCB FINANCIAL HOLDINGS INC CLASS,Financials,NASDAQ,United States,0.01
1552,PANL,PANGAEA LOGISTICS SOLUTIONS,Industrials,NASDAQ,United States,0.01
1553,VNDA,VANDA PHARMACEUTICALS INC,Health Care,NASDAQ,United States,0.01
1554,OSUR,ORASURE TECHNOLOGIES INC,Health Care,NASDAQ,United States,0.01
1555,MGPI,MGP INGREDIENTS INC,Consumer Staples,NASDAQ,United States,0.01
1556,LCNB,LCNB CORP,Financials,NASDAQ,United States,0.01
1557,ISBA,ISABELLA BANK CORP,Financials,NASDAQ,United States,0.01
1558,RPAY,REPAY HOLDINGS CORP CLASS A,Financials,NASDAQ,United States,0.01
1559,FBYD,FALCON S BEYOND GLOBAL INC CLASS A,Industrials,NASDAQ,United States,0.01
1560,TLS,TELOS CORPORATION CORP,Information Technology,NASDAQ,United States,0.01
1561,NABL,N ABLE INC,Information Technology,NYSE,United States,0.01
1562,CNDT,CONDUENT,Industrials,NASDAQ,United States,0.01
1563,DNUT,KRISPY KREME,Consumer Discretionary,NASDAQ,United States,0.01
1564,WOOF,PETCO HEALTH AND WELLNESS COMPANY,Consumer Discretionary,NASDAQ,United States,0.01
1565,AVBH,AVIDBANK HOLDINGS INC,Financials,NASDAQ,United States,0.01
1566,FLXS,FLEXSTEEL INDUSTRIES INC,Consumer Discretionary,NASDAQ,United States,0.01
1567,OVLY,OAK VALLEY BANCORP,Financials,NASDAQ,United States,0.01
1568,CFFI,C AND F FINANCIAL CORP,Financials,NASDAQ,United States,0.01
1569,VELO,VELO3D INC,Industrials,NASDAQ,United States,0.01
1570,RC,READY CAPITAL CORP,Financials,NYSE,United States,0.01
1571,HLLY,HOLLEY,Consumer Discretionary,NYSE,United States,0.01
1572,BNTC,BENITEC BIOPHARMA INC,Health Care,NASDAQ,United States,0.01
1573,HCKT,HACKETT GROUP,Information Technology,NASDAQ,United States,0.01
1574,GCBC,GREENE COUNTY BANCORP INC,Financials,NASDAQ,United States,0.01
1575,ABX,ABACUS GLOBAL MANAGEMENT INC CLASS,Financials,NYSE,United States,0.01
1576,ZUMZ,ZUMIEZ,Consumer Discretionary,NASDAQ,United States,0.01
1577,BSVN,BANK7 CORP,Financials,NASDAQ,United States,0.01
1578,DUOT,DUOS TECHNOLOGIES GROUP INC,Information Technology,NASDAQ,United States,0.01
1579,FNKO,FUNKO CLASS A,Consumer Discretionary,NASDAQ,United States,0.01
1580,TWIN,TWIN DISC INC,Industrials,NASDAQ,United States,0.01
1581,SMRT,SMARTRENT INC CLASS A,Information Technology,NYSE,United States,0.01
1582,ANIK,ANIKA THERAPEUTICS INC,Health Care,NASDAQ,United States,0.01
1583,WEYS,WEYCO GROUP INC,Consumer Discretionary,NASDAQ,United States,0.01
1584,FNRN,FIRST NORTHERN COMMUNITY BANCORP,Financials,NASDAQ,United States,0.01
1585,AVNW,AVIAT NETWORKS INC,Information Technology,NASDAQ,United States,0.01
1586,ACRE,ARES COMMERCIAL REAL ESTATE REIT C,Financials,NYSE,United States,0.01
1587,KINS,KINGSTONE COMPANIES INC,Financials,NASDAQ,United States,0.01
1588,NRC,NRC HEALTH,Health Care,NASDAQ,United States,0.01
1589,NATH,NATHANS FAMOUS INC,Consumer Discretionary,NASDAQ,United States,0.01
1590,NUS,NU SKIN ENTERPRISES CLASS A,Consumer Staples,NYSE,United States,0.01
1591,SGP,SPYGLASS PHARMA SHS,Health Care,NASDAQ,United States,0.01
1592,RELL,RICHARDSON ELECTRONICS LTD,Information Technology,NASDAQ,United States,0.01
1593,BRBS,BLUE RIDGE BANKSHARES INC,Financials,Nyse Mkt Llc,United States,0.01
1594,FRPH,FRP HOLDINGS INC,Real Estate,NASDAQ,United States,0.01
1595,FWDI,FORWARD INDUSTRIES INC,Information Technology,NASDAQ,United States,0.01
1596,BPRN,PRINCETON BANCORP INC,Financials,NASDAQ,United States,0.01
1597,AREC,AMERICAN RESOURCES CORP CLASS A,Energy,NASDAQ,United States,0.01
1598,JAKK,JAKKS PACIFIC INC,Consumer Discretionary,NASDAQ,United States,0.01
1599,LOVE,LOVESAC COMPANY,Consumer Discretionary,NASDAQ,United States,0.01
1600,MGNX,MACROGENICS INC,Health Care,NASDAQ,United States,0.01
1601,FBLA,FB BANCORP INC,Financials,NASDAQ,United States,0.01
1602,UPB,UPSTREAM BIO,Health Care,NASDAQ,United States,0.01
1603,MBI,MBIA INC,Financials,NYSE,United States,0.01
1604,AGEN,AGENUS INC,Health Care,NASDAQ,United States,0.01
1605,LMRI,LUMEXA IMAGING HOLDINGS,Health Care,NASDAQ,United States,0.01
1606,DMAC,DIAMEDICA THERAPEUTICS INC,Health Care,NASDAQ,United States,0.01
1607,TLSI,TRISALUS LF SC CM A,Health Care,NASDAQ,United States,0.01
1608,LODE,COMSTOCK INC,Energy,Nyse Mkt Llc,United States,0.01
1609,REI,RING ENERGY INC,Energy,Nyse Mkt Llc,United States,0.01
1610,HBB,HAMILTON BEACH BRANDS HOLDING COMP,Consumer Discretionary,NYSE,United States,0.01
1611,INNV,INNOVAGE HOLDING CORP,Health Care,NASDAQ,United States,0.01
1612,EBS,EMERGENT BIOSOLUTIONS,Health Care,NYSE,United States,0.01
1613,ASIC,ATEGRITY SPECIALTY INSURANCE COMPA,Financials,NYSE,United States,0.01
1614,WNEB,WESTERN NEW ENGLAND BANCORP INC,Financials,NASDAQ,United States,0.01
1615,BKKT,BAKKT INC CLASS A,Financials,NYSE,United States,0.01
1616,III,INFORMATION SERVICES GROUP INC,Information Technology,NASDAQ,United States,0.01
1617,AIRO,AIRO GROUP HOLDINGS INC,Industrials,NASDAQ,United States,0.01
1618,PMTS,CPI CARD GROUP INC,Information Technology,NASDAQ,United States,0.01
1619,SEVN,SEVEN HILLS REALTY TRUST,Financials,NASDAQ,United States,0.01
1620,GSIT,GSI TECHNOLOGY INC,Information Technology,NASDAQ,United States,0.01
1621,PDYN,PALLADYNE AI CORP,Industrials,NASDAQ,United States,0.01
1622,ALMU,AELUMA INC,Information Technology,NASDAQ,United States,0.01
1623,RMAX,RE MAX HOLDINGS INC CLASS A,Real Estate,NYSE,United States,0.01
1624,COSO,COASTALSOUTH BANCSHARES INC,Financials,NYSE,United States,0.01
1625,NATR,NATURES SUNSHINE PRODUCTS INC,Consumer Staples,NASDAQ,United States,0.01
1626,POWW,OUTDOOR HOLDING,Consumer Discretionary,NASDAQ,United States,0.01
1627,MRBK,MERIDIAN CORP,Financials,NASDAQ,United States,0.01
1628,PSFE,PAYSAFE LTD,Financials,NYSE,United States,0.01
1629,BKTI,BK TECHNOLOGIES CORP,Information Technology,Nyse Mkt Llc,United States,0.01
1630,AKBA,AKEBIA THERAPEUTICS INC,Health Care,NASDAQ,United States,0.01
1631,CAPR,CAPRICOR THERAPEUTICS,Health Care,NASDAQ,United States,0.01
1632,SKYH,SKY HARBOUR GROUP CLASS A,Industrials,NYSE,United States,0.01
1633,INBK,FIRST INTERNET BANCORP,Financials,NASDAQ,United States,0.01
1634,DSP,VIANT TECHNOLOGY INC CLASS A,Information Technology,NASDAQ,United States,0.01
1635,VABK,VIRGINIA NATIONAL BANKSHARES CORP,Financials,NASDAQ,United States,0.01
1636,IPSC,CENTURY THERAPEUTICS,Health Care,NASDAQ,United States,0.01
1637,IMMR,IMMERSION CORP,Information Technology,NASDAQ,United States,0.01
1638,VEL,VELOCITY FINANCIAL INC,Financials,NYSE,United States,0.01
1639,EVGO,EVGO INC CLASS A,Consumer Discretionary,NASDAQ,United States,0.01
1640,FHTX,FOGHORN THERAPEUTICS,Health Care,NASDAQ,United States,0.01
1641,PEBK,PEOPLES BANCORP OF NORTH CAROLINA,Financials,NASDAQ,United States,0.01
1642,ALCO,ALICO INC,Consumer Staples,NASDAQ,United States,0.01
1643,YSS,YORK SPACE SYSTEMS INC,Industrials,NYSE,United States,0.01
1644,MFIN,MEDALLION FINANCIAL CORP,Financials,NASDAQ,United States,0.01
1645,LEGH,LEGACY HOUSING CORP,Consumer Discretionary,NASDAQ,United States,0.01
1646,FULC,FULCRUM THERAPEUTICS,Health Care,NASDAQ,United States,0.01
1647,CV,CAPSOVISION INC,Health Care,NASDAQ,United States,0.01
1648,TRDA,ENTRADA THERAPEUTICS,Health Care,NASDAQ,United States,0.01
1649,DBI,DESIGNER BRANDS INC CLASS A,Consumer Discretionary,NYSE,United States,0.01
1650,CZWI,CITIZENS COMMUNITY BANCORP INC,Financials,NASDAQ,United States,0.01
1651,EU,ENCORE ENERGY,Energy,NASDAQ,United States,0.01
1652,INR,INFINITY NATURAL RESOURCES INC CLA,Energy,NYSE,United States,0.01
1653,REFI,CHICAGO ATLANTIC REAL ESTATE FINAN,Financials,NASDAQ,United States,0.01
1654,GOGO,GOGO,Communication,NASDAQ,United States,0.01
1655,PRTH,PRIORITY TECHNOLOGY HOLDINGS INC,Financials,NASDAQ,United States,0.01
1656,CD,CHAINCE DIGITAL HOLDINGS INC,Financials,NASDAQ,United States,0.01
1657,ARCT,ARCTURUS THERAPEUTICS HOLDINGS INC,Health Care,NASDAQ,United States,0.01
1658,RICK,RCI HOSPITALITY HOLDINGS INC,Consumer Discretionary,NASDAQ,United States,0.01
1659,LTRX,LANTRONIX INC,Information Technology,NASDAQ,United States,0.01
1660,USAU,US GOLD CORP,Materials,NASDAQ,United States,0.01
1661,SIDU,SIDUS SPACE INC CLASS A,Industrials,NASDAQ,United States,0.01
1662,TG,TREDEGAR CORP,Materials,NYSE,United States,0.01
1663,SEG,SEAPORT ENTERTAINMENT GROUP INC,Real Estate,NYSE,United States,0.01
1664,SPOK,SPOK HOLDINGS INC,Communication,NASDAQ,United States,0.01
1665,EIKN,EIKON THERAPEUTICS INC,Health Care,NASDAQ,United States,0.01
1666,FCAP,FIRST CAPITAL INC,Financials,NASDAQ,United States,0.01
1667,PCYO,PURE CYCLE CORP,Utilities,NASDAQ,United States,0.01
1668,LMNR,LIMONEIRA,Consumer Staples,NASDAQ,United States,0.01
1669,ATOM,ATOMERA INC,Information Technology,NASDAQ,United States,0.01
1670,HDSN,HUDSON TECHNOLOGIES INC,Industrials,NASDAQ,United States,0.01
1671,INFU,INFUSYSTEM HOLDINGS INC,Health Care,Nyse Mkt Llc,United States,0.01
1672,OPBK,OP BANCORP,Financials,NASDAQ,United States,0.01
1673,AIRJ,AIRJOULE TECHNOLOGIES CLASS A,Industrials,NASDAQ,United States,0.01
1674,QUIK,QUICKLOGIC CORP,Information Technology,NASDAQ,United States,0.01
1675,OFRM,ONCE UPON A FARM PBC,Consumer Staples,NYSE,United States,0.01
1676,TARA,PROTARA THERAPEUTICS INC,Health Care,NASDAQ,United States,0.01
1677,ASUR,ASURE SOFTWARE INC,Industrials,NASDAQ,United States,0.01
1678,ASLE,AERSALE CORP,Industrials,NASDAQ,United States,0.01
1679,INV,INNVENTURE INC,Financials,NASDAQ,United States,0.01
1680,KWY,KINGSWAY CORP,Financials,NYSE,United States,0.01
1681,HMH,HMH HOLDING INC CLASS A,Energy,NASDAQ,United States,0.01
1682,BNED,BARNES AND NOBLE EDUCATION INC,Consumer Discretionary,NYSE,United States,0.01
1683,SSP,EW SCRIPPS CLASS A,Communication,NASDAQ,United States,0.01
1684,TBCH,TURTLE BEACH,Information Technology,NASDAQ,United States,0.01
1685,APC,ARKO PETROLEUM CORP CLASS A,Consumer Discretionary,NASDAQ,United States,0.01
1686,CMT,CORE MOLDING TECHNOLOGIES INC,Materials,Nyse Mkt Llc,United States,0.01
1687,SMHI,SEACOR MARINE HOLDINGS INC,Energy,NYSE,United States,0.01
1688,EFSI,EAGLE FINANCIAL SERVICES INC,Financials,NASDAQ,United States,0.01
1689,GBFH,GBANK FINL HLDGS INC,Financials,NASDAQ,United States,0.01
1690,CFBK,CF BANKSHARES INC,Financials,NASDAQ,United States,0.01
1691,BBCP,CONCRETE PUMPING HOLDINGS INC,Industrials,NASDAQ,United States,0.01
1692,ALEC,ALECTOR,Health Care,NASDAQ,United States,0.01
1693,OPTU,OPTIMUM COMMUNICATIONS INC CLASS A,Communication,NYSE,United States,0.01
1694,RBBN,RIBBON COMMUNICATIONS,Information Technology,NASDAQ,United States,0.01
1695,EBMT,EAGLE BANCORP MONTANA INC,Financials,NASDAQ,United States,0.01
1696,CDZI,CADIZ INC,Utilities,NASDAQ,United States,0.01
1697,ZNTL,ZENTALIS PHARMACEUTICALS INC,Health Care,NASDAQ,United States,0.01
1698,MITT,TPG MORTGAGE INVESTMENT TRUST INC,Financials,NYSE,United States,0.01
1699,OSG,OCTAVE SPECIALTY GROUP INC,Financials,NYSE,United States,0.01
1700,ALTI,ALTI GLOBAL INC CLASS A,Financials,NASDAQ,United States,0.01
1701,PPIH,PERMA PIPE INTERNATIONAL HOLDINGS,Industrials,NASDAQ,United States,0.01
1702,RILY,BRC GROUP HOLDINGS INC,Financials,NASDAQ,United States,0.01
1703,SI,SHOULDER INNOVATIONS,Health Care,NYSE,United States,0.01
1704,ASYS,AMTECH SYSTEMS INC,Information Technology,NASDAQ,United States,0.01
1705,SRI,STONERIDGE INC,Consumer Discretionary,NYSE,United States,0.01
1706,UIS,UNISYS,Information Technology,NYSE,United States,0.01
1707,KROS,KEROS THERAPEUTICS,Health Care,NASDAQ,United States,0.01
1708,OPFI,OPPFI INC CLASS A,Financials,NYSE,United States,0.01
1709,ALXO,ALX ONCOLOGY HOLDINGS INC,Health Care,NASDAQ,United States,0.01
1710,IRD,OPUS GENETICS INC,Health Care,NASDAQ,United States,0.01
1711,JRVR,JAMES RIVER GROUP HOLDINGS INC,Financials,NASDAQ,United States,0.01
1712,KRO,KRONOS WORLDWIDE,Materials,NYSE,United States,0.01
1713,NXDT,NEXPOINT DIVERSIFIED REAL ESTATE T,Real Estate,NYSE,United States,0.01
1714,FC,FRANKLIN COVEY,Industrials,NYSE,United States,0.01
1715,NCMI,NATIONAL CINEMEDIA INC,Communication,NASDAQ,United States,0.01
1716,CIA,CITIZENS INC CLASS A,Financials,NYSE,United States,0.01
1717,CABO,CABLE ONE INC,Communication,NYSE,United States,0.01
1718,TNXP,TONIX PHARMACEUTICALS HOLDING,Health Care,NASDAQ,United States,0.01
1719,RSVR,RESERVOIR MEDIA INC,Communication,NASDAQ,United States,0.01
1720,ZSQR,Z SQUARED INC,Health Care,NASDAQ,United States,0.01
1721,PBFS,PIONEER BANCORP INC,Financials,NASDAQ,United States,0.01
1722,HWBK,HAWTHORN BANCSHARES INC,Financials,NASDAQ,United States,0.01
1723,UTMD,UTAH MEDICAL PRODUCTS INC,Health Care,NASDAQ,United States,0.01
1724,VUZI,VUZIX CORP,Information Technology,NASDAQ,United States,0.01
1725,MVST,MICROVAST HOLDINGS,Industrials,NASDAQ,United States,0.01
1726,WBTN,WEBTOON ENTERTAINMENT INC,Communication,NASDAQ,United States,0.01
1727,ACU,ACME UNITED CORP,Health Care,Nyse Mkt Llc,United States,0.01
1728,GEMI,GEMINI SPACE STATION INC CLASS A,Financials,NASDAQ,United States,0.01
1729,ESCA,ESCALADE INC,Consumer Discretionary,NASDAQ,United States,0.01
1730,OVBC,OHIO VALLEY BANC CORP,Financials,NASDAQ,United States,0.01
1731,CURI,CURIOSITYSTREAM INC CLASS A,Communication,NASDAQ,United States,0.01
1732,EVMN,EVOMMUNE,Health Care,NYSE,United States,0.01
1733,RNA,ATRIUM THERAPEUTICS INC,Health Care,NASDAQ,United States,0.01
1734,MPAA,MOTORCAR PARTS OF AMERICA INC,Consumer Discretionary,NASDAQ,United States,0.01
1735,AMPY,AMPLIFY ENERGY,Energy,NYSE,United States,0.01
1736,CMTG,CLAROS MORTGAGE TRUST INC,Financials,NYSE,United States,0.01
1737,PLX,PROTALIX BIOTHERAPEUTICS INC,Health Care,Nyse Mkt Llc,Israel,0.01
1738,NAGE,NIAGEN BIOSCIENCE INC,Consumer Staples,NASDAQ,United States,0.01
1739,HPK,HIGHPEAK ENERGY INC,Energy,NASDAQ,United States,0.01
1740,ESOA,ENERGY SERVICES OF AMERICA CORP,Energy,NASDAQ,United States,0.01
1741,XPOF,XPONENTIAL FITNESS CLASS A,Consumer Discretionary,NYSE,United States,0.01
1742,VYGR,VOYAGER THERAPEUTICS,Health Care,NASDAQ,United States,0.01
1743,NLOP,NET LEASE OFFICE PROPERTIES,Real Estate,NYSE,United States,0.01
1744,LCTX,LINEAGE CELL THERAPEUTICS INC,Health Care,Nyse Mkt Llc,United States,0.01
1745,AOMR,ANGEL OAK MORTGAGE REIT,Financials,NYSE,United States,0.01
1746,MNSB,MAINSTREET BANCSHARES INC,Financials,NASDAQ,United States,0.01
1747,NMRA,NEUMORA THERAPEUTICS INC,Health Care,NASDAQ,United States,0.01
1748,CMRC,BIGCOMMERCE HOLDINGS SERIES,Information Technology,NASDAQ,United States,0.01
1749,INSE,INSPIRED ENTERTAINMENT INC,Consumer Discretionary,NASDAQ,United States,0.01
1750,SRZN,SURROZEN,Health Care,NASDAQ,United States,0.01
1751,SITC,SITE CENTERS,Real Estate,NYSE,United States,0.01
1752,KGEI,KOLIBRI GLOBAL ENERGY INC,Energy,NASDAQ,Canada,0.00
1753,CMTV,COMMUNITY BANCORP VT,Financials,NASDAQ,United States,0.00
1754,ELMT,ELMET GROUP,Industrials,NASDAQ,United States,0.00
1755,SWMR,SWARMER INC,Industrials,NASDAQ,United States,0.00
1756,GENC,GENCOR INDUSTRIES INC,Industrials,Nyse Mkt Llc,United States,0.00
1757,ACTG,ACACIA RESEARCH,Financials,NASDAQ,United States,0.00
1758,TAYD,TAYLOR DEVICES INC,Industrials,NASDAQ,United States,0.00
1759,DTIL,PRECISION BIOSCIENCES INC,Health Care,NASDAQ,United States,0.00
1760,CRBP,CORBUS PHARMACEUTICALS HOLDINGS,Health Care,NASDAQ,United States,0.00
1761,BRT,BRT APARTMENTS CORP,Real Estate,NYSE,United States,0.00
1762,NC,NACCO INDUSTRIES INC CLASS A,Energy,NYSE,United States,0.00
1763,SSTK,SHUTTERSTOCK,Communication,NYSE,United States,0.00
1764,DOMO,DOMO INC CLASS B,Information Technology,NASDAQ,United States,0.00
1765,KLC,KINDERCARE LEARNING COMPANIES INC,Consumer Discretionary,NYSE,United States,0.00
1766,NREF,NEXPOINT REAL ESTATE FINANCE,Financials,NYSE,United States,0.00
1767,DOUG,DOUGLAS ELLIMAN INC,Real Estate,NYSE,United States,0.00
1768,ACDC,PROFRAC HOLDING CLASS A,Energy,NASDAQ,United States,0.00
1769,BCBP,BCB BANCORP INC,Financials,NASDAQ,United States,0.00
1770,CMDB,COSTAMARE BULKERS HOLDINGS LTD,Industrials,NYSE,Monaco,0.00
1771,SLNH,SOLUNA HOLDINGS INC,Information Technology,NASDAQ,United States,0.00
1772,SABS,SAB BIOTHERAPEUTICS INC,Health Care,NASDAQ,United States,0.00
1773,USNA,USANA HEALTH SCIENCES INC,Consumer Staples,NYSE,United States,0.00
1774,SES,SES AI CLASS A,Industrials,NYSE,United States,0.00
1775,PXED,PHOENIX EDUCATION PARTNERS,Consumer Discretionary,NYSE,United States,0.00
1776,PLTK,PLAYTIKA HOLDING CORP,Communication,NASDAQ,United States,0.00
1777,LARK,LANDMARK BANCORP INC,Financials,NASDAQ,United States,0.00
1778,INTT,INTEST CORP,Information Technology,Nyse Mkt Llc,United States,0.00
1779,KRRO,KORRO BIO,Health Care,NASDAQ,United States,0.00
1780,FF,FUTUREFUEL CORP,Energy,NYSE,United States,0.00
1781,SNFCA,SECURITY NATIONAL FINANCIAL CORP C,Financials,NASDAQ,United States,0.00
1782,BVFL,BV FINANCIAL INC,Financials,NASDAQ,United States,0.00
1783,LZM,LIFEZONE METALS LTD,Materials,NYSE,Isle of Man,0.00
1784,KRMD,KORU MEDICAL SYSTEMS INC,Health Care,NASDAQ,United States,0.00
1785,EVCM,EVERCOMMERCE INC,Information Technology,NASDAQ,United States,0.00
1786,GALT,GALECTIN THERAPEUTICS INC,Health Care,NASDAQ,United States,0.00
1787,INGN,INOGEN,Health Care,NASDAQ,United States,0.00
1788,ADV,ADVANTAGE SOLUTIONS CLASS A,Communication,NASDAQ,United States,0.00
1789,SGC,SUPERIOR GROUP OF COMPANIES INC,Consumer Discretionary,NASDAQ,United States,0.00
1790,OBIO,ORCHESTRA BIOMED HOLDINGS INC,Health Care,NASDAQ,United States,0.00
1791,ALTG,ALTA EQUIPMENT GROUP INC CLASS A,Industrials,NYSE,United States,0.00
1792,IVVD,INVIVYD,Health Care,NASDAQ,United States,0.00
1793,CRBU,CARIBOU BIOSCIENCES,Health Care,NASDAQ,United States,0.00
1794,CHRS,COHERUS ONCOLOGY INC,Health Care,NASDAQ,United States,0.00
1795,KLTR,KALTURA INC,Information Technology,NASDAQ,United States,0.00
1796,CDXS,CODEXIS,Health Care,NASDAQ,United States,0.00
1797,RGCO,RGC RESOURCES INC,Utilities,NASDAQ,United States,0.00
1798,ANGI,ANGI INC CLASS A,Communication,NASDAQ,United States,0.00
1799,JILL,J JILL INC,Consumer Discretionary,NYSE,United States,0.00
1800,CHPT,CHARGEPOINT HOLDINGS INC CLASS A,Industrials,NYSE,United States,0.00
1801,PDEX,PRO DEX INC,Health Care,NASDAQ,United States,0.00
1802,CBFV,CB FINANCIAL SERVICES INC,Financials,NASDAQ,United States,0.00
1803,BALY,BALLY S,Consumer Discretionary,NYSE,United States,0.00
1804,ANTX,AN2 THERAPEUTICS INC,Health Care,NASDAQ,United States,0.00
1805,LFMD,LIFEMD INC,Health Care,NASDAQ,United States,0.00
1806,SND,SMART SAND INC,Energy,NASDAQ,United States,0.00
1807,VERI,VERITONE INC,Information Technology,NASDAQ,United States,0.00
1808,BRCB,BLACK ROCK COFFEE BAR CLASS A,Consumer Discretionary,NASDAQ,United States,0.00
1809,AP,AMPCO PITTSBURGH CORP,Materials,NYSE,United States,0.00
1810,ULH,UNIVERSAL LOGISTICS HOLDINGS INC,Industrials,NASDAQ,United States,0.00
1811,PRLD,PRELUDE THERAPEUTICS,Health Care,NASDAQ,United States,0.00
1812,LWAY,LIFEWAY FOODS INC,Consumer Staples,NASDAQ,United States,0.00
1813,RCMT,RCM TECHNOLOGIES INC,Industrials,NASDAQ,United States,0.00
1814,SRBK,SR BANCORP INC,Financials,NASDAQ,United States,0.00
1815,LFCR,LIFECORE BIOMEDICAL,Health Care,NASDAQ,United States,0.00
1816,ONEW,ONEWATER MARINE CLASS A INC,Consumer Discretionary,NASDAQ,United States,0.00
1817,LUCD,LUCID DIAGNOSTICS INC,Health Care,NASDAQ,United States,0.00
1818,PAL,PROFICIENT AUTO LOGISTICS INC,Industrials,NASDAQ,United States,0.00
1819,WHWK,WHITEHAWK THERAPEUTICS INC,Health Care,NASDAQ,United States,0.00
1820,LAW,CS DISCO,Information Technology,NYSE,United States,0.00
1821,SPRB,SPRUCE BIOSCIENCES,Health Care,NASDAQ,United States,0.00
1822,XZO,EXZEO GROUP INC,Financials,NYSE,United States,0.00
1823,UNCY,UNICYCIVE THERAPEUTICS INC,Health Care,NASDAQ,United States,0.00
1824,EGAN,EGAIN CORP,Information Technology,NASDAQ,United States,0.00
1825,ONL,ORION PROPERTIES,Real Estate,NYSE,United States,0.00
1826,ESP,ESPEY MANUFACTURING AND ELECTRONIC,Industrials,Nyse Mkt Llc,United States,0.00
1827,SIGA,SIGA TECHNOLOGIES INC,Health Care,NASDAQ,United States,0.00
1828,MDWD,MEDIWOUND LTD,Health Care,NASDAQ,Israel,0.00
1829,PNRG,PRIMEENERGY RESOURCES CORP,Energy,NASDAQ,United States,0.00
1830,BETR,BETTER HOME FINANCE HOLDING CLASS,Financials,NASDAQ,United States,0.00
1831,WHG,WESTWOOD HOLDINGS GROUP INC,Financials,NYSE,United States,0.00
1832,QTRX,QUANTERIX,Health Care,NASDAQ,United States,0.00
1833,LE,LAND END,Consumer Discretionary,NASDAQ,United States,0.00
1834,CXDO,CREXENDO INC,Information Technology,NASDAQ,United States,0.00
1835,RMBI,RICHMOND MUTUAL BANCORPORATION INC,Financials,NASDAQ,United States,0.00
1836,ORGO,ORGANOGENESIS HOLDINGS CLASS A,Health Care,NASDAQ,United States,0.00
1837,MNTK,MONTAUK RENEWABLES INC,Utilities,NASDAQ,United States,0.00
1838,SION,SIONNA THERAPEUTICS,Health Care,NASDAQ,United States,0.00
1839,LYEL,LYELL IMMUNOPHARMA,Health Care,NASDAQ,United States,0.00
1840,EAF,GRAFTECH INTERNATIONAL LTD,Industrials,NYSE,United States,0.00
1841,MPLT,MAPLIGHT THERAPEUTICS,Health Care,NASDAQ,United States,0.00
1842,BHR,BRAEMAR HOTELS RESORTS INC,Real Estate,NYSE,United States,0.00
1843,FJET,STARFIGHTERS SPACE INC,Industrials,Nyse Mkt Llc,United States,0.00
1844,FOA,FINANCE OF AMERICA COMPANIES INC C,Financials,NYSE,United States,0.00
1845,FINW,FINWISE BANCORP,Financials,NASDAQ,United States,0.00
1846,HNVR,HANOVER BANCORP INC,Financials,NASDAQ,United States,0.00
1847,TTGT,TECHTARGET INC,Communication,NASDAQ,United States,0.00
1848,CARL,CARLSMED,Health Care,NASDAQ,United States,0.00
1849,GLSI,GREENWICH LIFESCIENCES INC,Health Care,NASDAQ,United States,0.00
1850,RNAC,CARTESIAN THERAPEUTICS,Health Care,NASDAQ,United States,0.00
1851,BZAI,BLAIZE HOLDINGS INC,Information Technology,NASDAQ,United States,0.00
1852,LDI,LOANDEPOT INC CLASS A,Financials,NYSE,United States,0.00
1853,EPM,EVOLUTION PETROLEUM CORP,Energy,Nyse Mkt Llc,United States,0.00
1854,CVGI,COMMERCIAL VEHICLE GROUP INC,Industrials,NASDAQ,United States,0.00
1855,ADCT,ADC THERAPEUTICS SA,Health Care,NYSE,United States,0.00
1856,MLP,MAUI LAND AND PINEAPPLE INC,Real Estate,NYSE,United States,0.00
1857,ELA,ENVELA CORP,Consumer Discretionary,Nyse Mkt Llc,United States,0.00
1858,NODK,NI HOLDINGS INC,Financials,NASDAQ,United States,0.00
1859,RFIL,RF INDUSTRIES LTD,Information Technology,NASDAQ,United States,0.00
1860,ORMP,ORAMED PHARMACEUTICALS INC,Health Care,NASDAQ,United States,0.00
1861,STRW,STRAWBERRY FIELDS REIT INC,Real Estate,Nyse Mkt Llc,United States,0.00
1862,GLIBA,LIBERTY CAPITAL CORP SERIES A,Communication,NASDAQ,United States,0.00
1863,RAIL,FREIGHTCAR AMERICA INC,Industrials,NASDAQ,United States,0.00
1864,DMRC,DIGIMARC,Information Technology,NASDAQ,United States,0.00
1865,SAMG,SILVERCREST ASSET MANAGEMENT GROUP,Financials,NASDAQ,United States,0.00
1866,TRAK,REPOSITRAK INC,Information Technology,NYSE,United States,0.00
1867,ABOS,ACUMEN PHARMACEUTICALS INC,Health Care,NASDAQ,United States,0.00
1868,NKTX,NKARTA,Health Care,NASDAQ,United States,0.00
1869,GYRE,GYRE THERAPEUTICS,Health Care,NASDAQ,United States,0.00
1870,NERV,MINERVA NEUROSCIENCES INC,Health Care,NASDAQ,United States,0.00
1871,CBNA,CHAIN BRIDGE BANCORP INC CLASS A,Financials,NYSE,United States,0.00
1872,SMTI,SANARA MEDTECH INC,Health Care,NASDAQ,United States,0.00
1873,KVHI,KVH INDUSTRIES INC,Information Technology,NASDAQ,United States,0.00
1874,LENZ,LENZ THERAPEUTICS,Health Care,NASDAQ,United States,0.00
1875,AMTX,AEMETIS INC,Energy,NASDAQ,United States,0.00
1876,LCUT,LIFETIME BRANDS INC,Consumer Discretionary,NASDAQ,United States,0.00
1877,DIBS,1STDIBS COM INC,Consumer Discretionary,NASDAQ,United States,0.00
1878,BDTX,BLACK DIAMOND THERAPEUTICS INC,Health Care,NASDAQ,United States,0.00
1879,SVCO,SILVACO GROUP INC,Information Technology,NASDAQ,United States,0.00
1880,PROK,PROKIDNEY CORP CLASS A,Health Care,NASDAQ,United States,0.00
1881,OFLX,OMEGA FLEX INC,Industrials,NASDAQ,United States,0.00
1882,ECBK,ECB BANCORP INC,Financials,NASDAQ,United States,0.00
1883,CPSS,CONSUMER PORTFOLIO SERVICES INC,Financials,NASDAQ,United States,0.00
1884,EVI,EVI INDUSTRIES INC,Industrials,Nyse Mkt Llc,United States,0.00
1885,BHA,BIGLARI HOLDINGS INC CLASS A,Consumer Discretionary,NYSE,United States,0.00
1886,CAMP,CAMP4 THERAPEUTICS CORP,Health Care,NASDAQ,United States,0.00
1887,STXS,STEREOTAXIS INC,Health Care,Nyse Mkt Llc,United States,0.00
1888,TKNO,ALPHA TEKNOVA,Health Care,NASDAQ,United States,0.00
1889,GWRS,GLOBAL WATER RESOURCES INC,Utilities,NASDAQ,United States,0.00
1890,OKUR,ONKURE THERAPEUTICS INC CLASS A,Health Care,NASDAQ,United States,0.00
1891,BNAI,BRAND ENGAGEMENT NETWORK INC,Information Technology,NASDAQ,United States,0.00
1892,FLWS,1-800 FLOWERS.COM CLASS A,Consumer Discretionary,NASDAQ,United States,0.00
1893,ZENA,ZENATECH INC,Information Technology,NASDAQ,Canada,0.00
1894,TRON,TRON INC,Consumer Discretionary,NASDAQ,United States,0.00
1895,CNTN,CANTON STRATEGIC HOLDINGS INC,Health Care,NASDAQ,United States,0.00
1896,GPRO,GOPRO INC CLASS A,Consumer Discretionary,NASDAQ,United States,0.00
1897,TCX,TUCOWS INC,Information Technology,NASDAQ,United States,0.00
1898,VENU,VENU HOLDING CORP,Consumer Discretionary,Nyse Mkt Llc,United States,0.00
1899,ACH,ACCENDRA HEALTH INC,Health Care,NYSE,United States,0.00
1900,WATT,ENERGOUS CORP,Industrials,NASDAQ,United States,0.00
1901,CURV,TORRID HOLDINGS INC,Consumer Discretionary,NYSE,United States,0.00
1902,SMID,SMITH MIDLAND CORP,Materials,NASDAQ,United States,0.00
1903,PAMT,PAMT CORP,Industrials,NASDAQ,United States,0.00
1904,ACR,ACRES COMMERCIAL REALTY,Financials,NYSE,United States,0.00
1905,THRY,THRYV HOLDINGS INC,Information Technology,NASDAQ,United States,0.00
1906,BRCC,BRC INC CLASS A,Consumer Staples,NYSE,United States,0.00
1907,RBKB,RHINEBECK BANCORP INC,Financials,NASDAQ,United States,0.00
1908,AIRS,AIRSCULPT TECHNOLOGIES INC,Health Care,NASDAQ,United States,0.00
1909,EPSN,EPSILON ENERGY LTD,Energy,NASDAQ,United States,0.00
1910,HQI,HIREQUEST INC,Industrials,NASDAQ,United States,0.00
1911,RDNW,RIDENOW GROUP INC CLASS B,Consumer Discretionary,NASDAQ,United States,0.00
1912,NPWR,NET POWER INC CLASS A,Industrials,NYSE,United States,0.00
1913,OPTX,SYNTEC OPTICS HOLDINGS INC CLASS A,Information Technology,NASDAQ,United States,0.00
1914,IDN,INTELLICHECK INC,Information Technology,NASDAQ,United States,0.00
1915,ARTV,ARTIVA BIOTHERAPEUTICS INC,Health Care,NASDAQ,United States,0.00
1916,INSG,INSEEGO,Information Technology,NASDAQ,United States,0.00
1917,HYPR,HYPERFINE INC CLASS A,Health Care,NASDAQ,United States,0.00
1918,PLBY,PLAYBOY INC,Consumer Discretionary,NASDAQ,United States,0.00
1919,VHI,VALHI INC,Materials,NYSE,United States,0.00
1920,MKTW,MARKETWISE INC CLASS A,Financials,NASDAQ,United States,0.00
1921,OPAL,OPAL FUELS CLASS A,Energy,NASDAQ,United States,0.00
1922,RDZN,ROADZEN INC,Information Technology,NASDAQ,United States,0.00
1923,CIX,COMPX INTERNATIONAL INC CLASS A,Industrials,Nyse Mkt Llc,United States,0.00
1924,PPHC,PUBLIC POLICY HOLDING INC,Industrials,NASDAQ,United States,0.00
1925,HRTX,HERON THERAPEUTICS INC,Health Care,NASDAQ,United States,0.00
1926,NL,NLI HOLDINGS INC,Industrials,NYSE,United States,0.00
1927,SBC,SBC MEDICAL GROUP HOLDINGS INC,Health Care,NASDAQ,United States,0.00
1928,TENX,TENAX THERAPEUTICS INC,Health Care,NASDAQ,United States,0.00
1929,TYGO,TIGO ENERGY INC,Industrials,NASDAQ,United States,0.00
1930,CNTX,CONTEXT THERAPEUTICS INC,Health Care,NASDAQ,United States,0.00
1931,TCI,TRANSCONTINENTAL REALTY INVESTORS,Real Estate,NYSE,United States,0.00
1932,TOYO,TOYO LTD,Information Technology,NASDAQ,Japan,0.00
1933,CVRX,CVRX,Health Care,NASDAQ,United States,0.00
1934,VALU,VALUE LINE INC,Financials,NASDAQ,United States,0.00
1935,ELTX,ELICIO THERAPEUTICS INC,Health Care,NASDAQ,United States,0.00
1936,CNTB,CONNECT BIOPHARMA HOLDINGS LTD,Health Care,NASDAQ,United States,0.00
1937,KPTI,KARYOPHARM THERAPEUTICS,Health Care,NASDAQ,United States,0.00
1938,NAUT,NAUTILUS BIOTECHNOLGY,Health Care,NASDAQ,United States,0.00
1939,SBMT,SILVER BOW MINING CORP,Materials,Nyse Mkt Llc,United States,0.00
1940,ARMP,ARMATA PHARMACEUTICALS,Health Care,Nyse Mkt Llc,United States,0.00
1941,CHCI,COMSTOCK HOLDING COMPANIES INC CLA,Real Estate,NASDAQ,United States,0.00
1942,VATE,INNOVATE CORP,Industrials,NYSE,United States,0.00
1943,LEE,LEE ENTERPRISES INC,Communication,NASDAQ,United States,0.00
1944,RENT,RENT THE RUNWAY CLASS A,Consumer Discretionary,NASDAQ,United States,0.00
1945,USGO,US GOLDMINING INC,Materials,NASDAQ,United States,0.00
1946,FGBI,FIRST GUARANTY BANCSHARES INC,Financials,NASDAQ,United States,0.00
1947,AFRI,FORAFRIC GLOBAL PLC,Consumer Staples,NASDAQ,Gibraltar,0.00
1948,UP,WHEELS UP EXPERIENCE CLASS A,Industrials,NYSE,United States,0.00
1949,LVWR,LIVEWIRE GROUP,Consumer Discretionary,NYSE,United States,0.00
1950,METCB,RAMACO RESOURCES CLASS B,Materials,NASDAQ,United States,0.00
1951,FLYX,FLYEXCLUSIVE INC CLASS A,Industrials,Nyse Mkt Llc,United States,0.00
1952,ARL,AMERICAN REALTY INVESTORS INC,Real Estate,NYSE,United States,0.00
1953,PDLI,PDL BIOPHARMA INC,Health Care,NASDAQ,United States,0.00
1954,SBT,STERLING BANCORP INC,Financials,NASDAQ,United States,0.00
1955,THRD,THIRD HARMONIC BIO INC,Health Care,NASDAQ,United States,0.00
1956,TSEOQ,TRINSEO PLC,Materials,Non-Nms Quotation Service (Nnqs),United States,0.00
